{"type": "FeatureCollection", "features": [{"id": "0", "type": "Feature", "properties": {"codmunicipio": 3300308, "municipio": "BARRA DO PIRAI", "NUCDA": "Barra do Piraí", "codpropriedade": 33003080843, "proparrend": "Proprietário", "nomeprodutor": "ASSOCIAÇÃO RURAL SUL FLUMINENSE", "cad": "2026-07-16", "atualz": "2026-07-16", "st_atualz": "novo", "status_geo": "posição OK", "situacao": "novo/ posição OK", "prop/sit": "33003080843/ novo/ posição OK", "lat": -22.4625, "long": -43.81669444444445}, "geometry": {"type": "Point", "coordinates": [-43.81669444444445, -22.4625]}}, {"id": "1", "type": "Feature", "properties": {"codmunicipio": 3300308, "municipio": "BARRA DO PIRAI", "NUCDA": "Barra do Piraí", "codpropriedade": 33003080132, "proparrend": "Proprietário", "nomeprodutor": "FAZENDA ALLIANÇA AGROECOLOGICA LTDA", "cad": "2012-05-03", "atualz": "2026-07-28", "st_atualz": "atualizado", "status_geo": "posição OK", "situacao": "atualizado/ posição OK", "prop/sit": "33003080132/ atualizado/ posição OK", "lat": -22.403888888888886, "long": -43.80833333333333}, "geometry": {"type": "Point", "coordinates": [-43.80833333333333, -22.403888888888886]}}, {"id": "2", "type": "Feature", "properties": {"codmunicipio": 3300308, "municipio": "BARRA DO PIRAI", "NUCDA": "Barra do Piraí", "codpropriedade": 33003080839, "proparrend": "Proprietário", "nomeprodutor": "IATA ANDERSON NUNES DA COSTA", "cad": "2026-07-02", "atualz": "2026-07-13", "st_atualz": "atualizado", "status_geo": "posição OK", "situacao": "atualizado/ posição OK", "prop/sit": "33003080839/ atualizado/ posição OK", "lat": -22.460555555555555, "long": -43.80722222222222}, "geometry": {"type": "Point", "coordinates": [-43.80722222222222, -22.460555555555555]}}, {"id": "3", "type": "Feature", "properties": {"codmunicipio": 3300308, "municipio": "BARRA DO PIRAI", "NUCDA": "Barra do Piraí", "codpropriedade": 33003080290, "proparrend": "Proprietário", "nomeprodutor": "ROSALIA MARFORI FARIAS RIBEIRO", "cad": "2012-05-03", "atualz": "2026-07-09", "st_atualz": "atualizado", "status_geo": "posição OK", "situacao": "atualizado/ posição OK", "prop/sit": "33003080290/ atualizado/ posição OK", "lat": -22.42, "long": -43.83833333333334}, "geometry": {"type": "Point", "coordinates": [-43.83833333333334, -22.42]}}, {"id": "4", "type": "Feature", "properties": {"codmunicipio": 3300407, "municipio": "BARRA MANSA", "NUCDA": "Barra Mansa", "codpropriedade": 33004070564, "proparrend": "Proprietário", "nomeprodutor": "AGENOR AFONSO DO AMARAL", "cad": "2012-05-03", "atualz": "2026-07-16", "st_atualz": "atualizado", "status_geo": "erro posição", "situacao": "atualizado/ erro posição", "prop/sit": "33004070564/ atualizado/ erro posição", "lat": -22.366830555555556, "long": -44.06944444444445}, "geometry": {"type": "Point", "coordinates": [-44.06944444444445, -22.366830555555556]}}, {"id": "5", "type": "Feature", "properties": {"codmunicipio": 3300407, "municipio": "BARRA MANSA", "NUCDA": "Barra Mansa", "codpropriedade": 33004070419, "proparrend": "Proprietário", "nomeprodutor": "JAIR DE MEDEIROS", "cad": "2012-05-03", "atualz": "2026-07-16", "st_atualz": "atualizado", "status_geo": "posição OK", "situacao": "atualizado/ posição OK", "prop/sit": "33004070419/ atualizado/ posição OK", "lat": -22.621333333333332, "long": -44.11336111111111}, "geometry": {"type": "Point", "coordinates": [-44.11336111111111, -22.621333333333332]}}, {"id": "6", "type": "Feature", "properties": {"codmunicipio": 3300407, "municipio": "BARRA MANSA", "NUCDA": "Barra Mansa", "codpropriedade": 33004070217, "proparrend": "Proprietário", "nomeprodutor": "JANDIRA ALVES DE SOUZA", "cad": "2012-05-03", "atualz": "2026-07-16", "st_atualz": "atualizado", "status_geo": "posição OK", "situacao": "atualizado/ posição OK", "prop/sit": "33004070217/ atualizado/ posição OK", "lat": -22.567016666666667, "long": -44.150555555555556}, "geometry": {"type": "Point", "coordinates": [-44.150555555555556, -22.567016666666667]}}, {"id": "7", "type": "Feature", "properties": {"codmunicipio": 3304128, "municipio": "QUATIS", "NUCDA": "Pirai", "codpropriedade": 33041280313, "proparrend": "Proprietário", "nomeprodutor": "JOSE HERZEN SALGADO ALVES", "cad": "2012-05-03", "atualz": "2026-07-16", "st_atualz": "atualizado", "status_geo": "posição OK", "situacao": "atualizado/ posição OK", "prop/sit": "33041280313/ atualizado/ posição OK", "lat": -22.384138888888888, "long": -44.204972222222224}, "geometry": {"type": "Point", "coordinates": [-44.204972222222224, -22.384138888888888]}}, {"id": "8", "type": "Feature", "properties": {"codmunicipio": 3304128, "municipio": "QUATIS", "NUCDA": "Pirai", "codpropriedade": 33041280302, "proparrend": "Proprietário", "nomeprodutor": "JOSE HERZEN SALGADO ALVES", "cad": "2012-05-03", "atualz": "2026-07-16", "st_atualz": "atualizado", "status_geo": "posição OK", "situacao": "atualizado/ posição OK", "prop/sit": "33041280302/ atualizado/ posição OK", "lat": -22.381722222222223, "long": -44.21327777777778}, "geometry": {"type": "Point", "coordinates": [-44.21327777777778, -22.381722222222223]}}, {"id": "9", "type": "Feature", "properties": {"codmunicipio": 3304128, "municipio": "QUATIS", "NUCDA": "Pirai", "codpropriedade": 33041280313, "proparrend": "Arrendatário", "nomeprodutor": "JOÃO GABRIEL CAVALCANTE ALVES", "cad": "2012-05-03", "atualz": "2026-07-16", "st_atualz": "atualizado", "status_geo": "posição OK", "situacao": "atualizado/ posição OK", "prop/sit": "33041280313/ atualizado/ posição OK", "lat": -22.384138888888888, "long": -44.204972222222224}, "geometry": {"type": "Point", "coordinates": [-44.204972222222224, -22.384138888888888]}}, {"id": "10", "type": "Feature", "properties": {"codmunicipio": 3306305, "municipio": "VOLTA REDONDA", "NUCDA": "Barra Mansa", "codpropriedade": 33063050159, "proparrend": "Arrendatário", "nomeprodutor": "MARY ANGELA ARBACHE ARANTES", "cad": "2012-05-03", "atualz": "2026-07-16", "st_atualz": "atualizado", "status_geo": "posição OK", "situacao": "atualizado/ posição OK", "prop/sit": "33063050159/ atualizado/ posição OK", "lat": -22.617908333333332, "long": -44.08469166666667}, "geometry": {"type": "Point", "coordinates": [-44.08469166666667, -22.617908333333332]}}, {"id": "11", "type": "Feature", "properties": {"codmunicipio": 3304003, "municipio": "PIRAI", "NUCDA": "Pirai", "codpropriedade": 33040030041, "proparrend": "Proprietário", "nomeprodutor": "AGENOR TEIXEIRA OLIVEIRA FILHO", "cad": "2012-05-03", "atualz": "2026-07-29", "st_atualz": "atualizado", "status_geo": "posição OK", "situacao": "atualizado/ posição OK", "prop/sit": "33040030041/ atualizado/ posição OK", "lat": -22.590833333333332, "long": -43.87638888888889}, "geometry": {"type": "Point", "coordinates": [-43.87638888888889, -22.590833333333332]}}, {"id": "12", "type": "Feature", "properties": {"codmunicipio": 3304003, "municipio": "PIRAI", "NUCDA": "Pirai", "codpropriedade": 33040030650, "proparrend": "Proprietário", "nomeprodutor": "LUIZ EDUARDO FERREIRA DIAS DUARTE", "cad": "2026-07-01", "atualz": "2026-07-01", "st_atualz": "novo", "status_geo": "erro posição", "situacao": "novo/ erro posição", "prop/sit": "33040030650/ novo/ erro posição", "lat": -22.798055555555557, "long": -44.147777777777776}, "geometry": {"type": "Point", "coordinates": [-44.147777777777776, -22.798055555555557]}}, {"id": "13", "type": "Feature", "properties": {"codmunicipio": 3304409, "municipio": "RIO CLARO", "NUCDA": "Pirai", "codpropriedade": 33044090639, "proparrend": "Arrendatário", "nomeprodutor": "JULIANDERSON MANGEA PEREIRA", "cad": "2014-12-08", "atualz": "2026-07-10", "st_atualz": "atualizado", "status_geo": "posição OK", "situacao": "atualizado/ posição OK", "prop/sit": "33044090639/ atualizado/ posição OK", "lat": -22.779166666666665, "long": -44.17444444444444}, "geometry": {"type": "Point", "coordinates": [-44.17444444444444, -22.779166666666665]}}, {"id": "14", "type": "Feature", "properties": {"codmunicipio": 3304110, "municipio": "PORTO REAL", "NUCDA": "Resende", "codpropriedade": 33041100107, "proparrend": "Arrendatário", "nomeprodutor": "RONALDO PINTO JUNIOR", "cad": "2013-04-05", "atualz": "2026-07-02", "st_atualz": "atualizado", "status_geo": "erro posição", "situacao": "atualizado/ erro posição", "prop/sit": "33041100107/ atualizado/ erro posição", "lat": -22.42888888888889, "long": -44.356944444444444}, "geometry": {"type": "Point", "coordinates": [-44.356944444444444, -22.42888888888889]}}, {"id": "15", "type": "Feature", "properties": {"codmunicipio": 3304201, "municipio": "RESENDE", "NUCDA": "Resende", "codpropriedade": 33042010281, "proparrend": "Proprietário", "nomeprodutor": "RAFAEL FERNANDO DA SILVA YAMAMOTO", "cad": "2012-05-03", "atualz": "2026-07-10", "st_atualz": "atualizado", "status_geo": "posição OK", "situacao": "atualizado/ posição OK", "prop/sit": "33042010281/ atualizado/ posição OK", "lat": -22.53615277777778, "long": -44.447963888888886}, "geometry": {"type": "Point", "coordinates": [-44.447963888888886, -22.53615277777778]}}, {"id": "16", "type": "Feature", "properties": {"codmunicipio": 3304201, "municipio": "RESENDE", "NUCDA": "Resende", "codpropriedade": 33042010281, "proparrend": "Arrendatário", "nomeprodutor": "JULIANA DE ALBUQUERQUE SOUZA YAMAMOTO", "cad": "2012-05-03", "atualz": "2026-07-10", "st_atualz": "atualizado", "status_geo": "posição OK", "situacao": "atualizado/ posição OK", "prop/sit": "33042010281/ atualizado/ posição OK", "lat": -22.53615277777778, "long": -44.447963888888886}, "geometry": {"type": "Point", "coordinates": [-44.447963888888886, -22.53615277777778]}}, {"id": "17", "type": "Feature", "properties": {"codmunicipio": 3304508, "municipio": "RIO DAS FLORES", "NUCDA": "Valença", "codpropriedade": 33045080350, "proparrend": "Proprietário", "nomeprodutor": "WWFAL HOLDING LTDA", "cad": "2026-07-14", "atualz": "2026-07-14", "st_atualz": "novo", "status_geo": "posição OK", "situacao": "novo/ posição OK", "prop/sit": "33045080350/ novo/ posição OK", "lat": -22.091475, "long": -43.6103}, "geometry": {"type": "Point", "coordinates": [-43.6103, -22.091475]}}, {"id": "18", "type": "Feature", "properties": {"codmunicipio": 3304508, "municipio": "RIO DAS FLORES", "NUCDA": "Valença", "codpropriedade": 33045080348, "proparrend": "Arrendatário", "nomeprodutor": "NICOLAS MARQUES OSORIO CAMPOS", "cad": "2026-07-01", "atualz": "2026-07-01", "st_atualz": "novo", "status_geo": "posição OK", "situacao": "novo/ posição OK", "prop/sit": "33045080348/ novo/ posição OK", "lat": -22.130975, "long": -43.53076111111111}, "geometry": {"type": "Point", "coordinates": [-43.53076111111111, -22.130975]}}, {"id": "19", "type": "Feature", "properties": {"codmunicipio": 3306107, "municipio": "VALENCA", "NUCDA": "Valença", "codpropriedade": 33061071746, "proparrend": "Proprietário", "nomeprodutor": "JOSÉ SANTOS DA SILVA", "cad": "2026-07-08", "atualz": "2026-07-07", "st_atualz": "atualizado", "status_geo": "posição OK", "situacao": "atualizado/ posição OK", "prop/sit": "33061071746/ atualizado/ posição OK", "lat": -22.369690000000002, "long": -43.838858333333334}, "geometry": {"type": "Point", "coordinates": [-43.838858333333334, -22.369690000000002]}}, {"id": "20", "type": "Feature", "properties": {"codmunicipio": 3306107, "municipio": "VALENCA", "NUCDA": "Valença", "codpropriedade": 33061071748, "proparrend": "Proprietário", "nomeprodutor": "MARCOS DA SILVA NOBREGA", "cad": "2026-07-08", "atualz": "2026-07-07", "st_atualz": "atualizado", "status_geo": "posição OK", "situacao": "atualizado/ posição OK", "prop/sit": "33061071748/ atualizado/ posição OK", "lat": -22.363078333333334, "long": -43.838185}, "geometry": {"type": "Point", "coordinates": [-43.838185, -22.363078333333334]}}, {"id": "21", "type": "Feature", "properties": {"codmunicipio": 3306107, "municipio": "VALENCA", "NUCDA": "Valença", "codpropriedade": 33061071750, "proparrend": "Proprietário", "nomeprodutor": "VINICIUS MATHIAS NUNES", "cad": "2026-07-27", "atualz": "2026-07-27", "st_atualz": "novo", "status_geo": "posição OK", "situacao": "novo/ posição OK", "prop/sit": "33061071750/ novo/ posição OK", "lat": -22.15008333333333, "long": -43.733583333333335}, "geometry": {"type": "Point", "coordinates": [-43.733583333333335, -22.15008333333333]}}, {"id": "22", "type": "Feature", "properties": {"codmunicipio": 3306107, "municipio": "VALENCA", "NUCDA": "Valença", "codpropriedade": 33061070801, "proparrend": "Proprietário", "nomeprodutor": "WILLIAN FRANÇA DA SILVA", "cad": "2012-05-03", "atualz": "2026-07-09", "st_atualz": "atualizado", "status_geo": "posição OK", "situacao": "atualizado/ posição OK", "prop/sit": "33061070801/ atualizado/ posição OK", "lat": -22.262777777777778, "long": -43.76888888888889}, "geometry": {"type": "Point", "coordinates": [-43.76888888888889, -22.262777777777778]}}, {"id": "23", "type": "Feature", "properties": {"codmunicipio": 3301009, "municipio": "CAMPOS DOS GOYTACAZES", "NUCDA": "Campos dos Goytacazes", "codpropriedade": 33010095994, "proparrend": "Proprietário", "nomeprodutor": "GELSOM SEBASTIAO", "cad": "2012-05-03", "atualz": "2026-07-02", "st_atualz": "atualizado", "status_geo": "posição OK", "situacao": "atualizado/ posição OK", "prop/sit": "33010095994/ atualizado/ posição OK", "lat": -21.73222222222222, "long": -41.28}, "geometry": {"type": "Point", "coordinates": [-41.28, -21.73222222222222]}}, {"id": "24", "type": "Feature", "properties": {"codmunicipio": 3301009, "municipio": "CAMPOS DOS GOYTACAZES", "NUCDA": "Campos dos Goytacazes", "codpropriedade": 33010095975, "proparrend": "Proprietário", "nomeprodutor": "JUCELIO SANTANA BRAGA", "cad": "2012-05-03", "atualz": "2026-07-01", "st_atualz": "atualizado", "status_geo": "posição OK", "situacao": "atualizado/ posição OK", "prop/sit": "33010095975/ atualizado/ posição OK", "lat": -21.724999999999998, "long": -41.25055555555556}, "geometry": {"type": "Point", "coordinates": [-41.25055555555556, -21.724999999999998]}}, {"id": "25", "type": "Feature", "properties": {"codmunicipio": 3301009, "municipio": "CAMPOS DOS GOYTACAZES", "NUCDA": "Campos dos Goytacazes", "codpropriedade": 33010098067, "proparrend": "Proprietário", "nomeprodutor": "PAULO SERGIO DE SALES", "cad": "2026-07-07", "atualz": "2026-07-07", "st_atualz": "novo", "status_geo": "posição OK", "situacao": "novo/ posição OK", "prop/sit": "33010098067/ novo/ posição OK", "lat": -21.900166666666664, "long": -41.35011111111111}, "geometry": {"type": "Point", "coordinates": [-41.35011111111111, -21.900166666666664]}}, {"id": "26", "type": "Feature", "properties": {"codmunicipio": 3300936, "municipio": "CARAPEBUS", "NUCDA": "Macaé", "codpropriedade": 33009361009, "proparrend": "Proprietário", "nomeprodutor": "ADELIONILDE DE JESUS", "cad": "2026-07-31", "atualz": "2026-07-31", "st_atualz": "novo", "status_geo": "posição OK", "situacao": "novo/ posição OK", "prop/sit": "33009361009/ novo/ posição OK", "lat": -22.203333333333333, "long": -41.6625}, "geometry": {"type": "Point", "coordinates": [-41.6625, -22.203333333333333]}}, {"id": "27", "type": "Feature", "properties": {"codmunicipio": 3300936, "municipio": "CARAPEBUS", "NUCDA": "Macaé", "codpropriedade": 33009360462, "proparrend": "Proprietário", "nomeprodutor": "CLAUDIO GOMES RODRIGUES", "cad": "2012-05-11", "atualz": "2026-07-06", "st_atualz": "atualizado", "status_geo": "posição OK", "situacao": "atualizado/ posição OK", "prop/sit": "33009360462/ atualizado/ posição OK", "lat": -22.16777777777778, "long": -41.71083333333333}, "geometry": {"type": "Point", "coordinates": [-41.71083333333333, -22.16777777777778]}}, {"id": "28", "type": "Feature", "properties": {"codmunicipio": 3300936, "municipio": "CARAPEBUS", "NUCDA": "Macaé", "codpropriedade": 33009361007, "proparrend": "Proprietário", "nomeprodutor": "LUIZ PHELIPE DINIZ ALADOGA", "cad": "2026-07-23", "atualz": "2026-07-23", "st_atualz": "novo", "status_geo": "posição OK", "situacao": "novo/ posição OK", "prop/sit": "33009361007/ novo/ posição OK", "lat": -22.184722222222224, "long": -41.65}, "geometry": {"type": "Point", "coordinates": [-41.65, -22.184722222222224]}}, {"id": "29", "type": "Feature", "properties": {"codmunicipio": 3300936, "municipio": "CARAPEBUS", "NUCDA": "Macaé", "codpropriedade": 33009360462, "proparrend": "Arrendatário", "nomeprodutor": "CLEBER DOS SANTOS GOMES", "cad": "2012-05-11", "atualz": "2026-07-06", "st_atualz": "atualizado", "status_geo": "posição OK", "situacao": "atualizado/ posição OK", "prop/sit": "33009360462/ atualizado/ posição OK", "lat": -22.16777777777778, "long": -41.71083333333333}, "geometry": {"type": "Point", "coordinates": [-41.71083333333333, -22.16777777777778]}}, {"id": "30", "type": "Feature", "properties": {"codmunicipio": 3302403, "municipio": "MACAE", "NUCDA": "Macaé", "codpropriedade": 33024030092, "proparrend": "Proprietário", "nomeprodutor": "AMARITO NOGUEIRA", "cad": "2012-05-07", "atualz": "2026-07-20", "st_atualz": "atualizado", "status_geo": "posição OK", "situacao": "atualizado/ posição OK", "prop/sit": "33024030092/ atualizado/ posição OK", "lat": -22.30027777777778, "long": -41.78194444444444}, "geometry": {"type": "Point", "coordinates": [-41.78194444444444, -22.30027777777778]}}, {"id": "31", "type": "Feature", "properties": {"codmunicipio": 3302403, "municipio": "MACAE", "NUCDA": "Macaé", "codpropriedade": 33024031996, "proparrend": "Proprietário", "nomeprodutor": "DOMINGOS DA CRUZ PEREIRA", "cad": "2026-07-02", "atualz": "2026-07-02", "st_atualz": "novo", "status_geo": "posição OK", "situacao": "novo/ posição OK", "prop/sit": "33024031996/ novo/ posição OK", "lat": -22.21769722222222, "long": -41.94863333333333}, "geometry": {"type": "Point", "coordinates": [-41.94863333333333, -22.21769722222222]}}, {"id": "32", "type": "Feature", "properties": {"codmunicipio": 3302403, "municipio": "MACAE", "NUCDA": "Macaé", "codpropriedade": 33024031998, "proparrend": "Proprietário", "nomeprodutor": "MAGNO GOMES MONTEIRO", "cad": "2026-07-20", "atualz": "2026-07-20", "st_atualz": "novo", "status_geo": "erro posição", "situacao": "novo/ erro posição", "prop/sit": "33024031998/ novo/ erro posição", "lat": -22.21527777777778, "long": -41.91678333333333}, "geometry": {"type": "Point", "coordinates": [-41.91678333333333, -22.21527777777778]}}, {"id": "33", "type": "Feature", "properties": {"codmunicipio": 3302403, "municipio": "MACAE", "NUCDA": "Macaé", "codpropriedade": 33024031997, "proparrend": "Proprietário", "nomeprodutor": "NEILTON DA CONCEIÇÃO FELIX", "cad": "2026-07-20", "atualz": "2026-07-20", "st_atualz": "novo", "status_geo": "posição OK", "situacao": "novo/ posição OK", "prop/sit": "33024031997/ novo/ posição OK", "lat": -22.253611111111113, "long": -41.73336666666667}, "geometry": {"type": "Point", "coordinates": [-41.73336666666667, -22.253611111111113]}}, {"id": "34", "type": "Feature", "properties": {"codmunicipio": 3302403, "municipio": "MACAE", "NUCDA": "Macaé", "codpropriedade": 33024030092, "proparrend": "Arrendatário", "nomeprodutor": "MARINETE DA CONCEIÇÃO NOGUEIRA FERREIRA", "cad": "2012-05-07", "atualz": "2026-07-20", "st_atualz": "atualizado", "status_geo": "posição OK", "situacao": "atualizado/ posição OK", "prop/sit": "33024030092/ atualizado/ posição OK", "lat": -22.30027777777778, "long": -41.78194444444444}, "geometry": {"type": "Point", "coordinates": [-41.78194444444444, -22.30027777777778]}}, {"id": "35", "type": "Feature", "properties": {"codmunicipio": 3302403, "municipio": "MACAE", "NUCDA": "Macaé", "codpropriedade": 33024030092, "proparrend": "Arrendatário", "nomeprodutor": "MARIZETE DA CONCEIÇÃO NOGUEIRA", "cad": "2012-05-07", "atualz": "2026-07-20", "st_atualz": "atualizado", "status_geo": "posição OK", "situacao": "atualizado/ posição OK", "prop/sit": "33024030092/ atualizado/ posição OK", "lat": -22.30027777777778, "long": -41.78194444444444}, "geometry": {"type": "Point", "coordinates": [-41.78194444444444, -22.30027777777778]}}, {"id": "36", "type": "Feature", "properties": {"codmunicipio": 3304151, "municipio": "QUISSAMA", "NUCDA": "Macaé", "codpropriedade": 33041510998, "proparrend": "Proprietário", "nomeprodutor": "ALEXANDRO VIEIRA DE MATOS", "cad": "2026-07-22", "atualz": "2026-07-22", "st_atualz": "novo", "status_geo": "posição OK", "situacao": "novo/ posição OK", "prop/sit": "33041510998/ novo/ posição OK", "lat": -22.10456388888889, "long": -41.474444444444444}, "geometry": {"type": "Point", "coordinates": [-41.474444444444444, -22.10456388888889]}}, {"id": "37", "type": "Feature", "properties": {"codmunicipio": 3304151, "municipio": "QUISSAMA", "NUCDA": "Macaé", "codpropriedade": 33041510994, "proparrend": "Proprietário", "nomeprodutor": "ROSÉLIA MARIA DE CARVALHO GONÇALVES", "cad": "2026-07-20", "atualz": "2026-07-20", "st_atualz": "novo", "status_geo": "posição OK", "situacao": "novo/ posição OK", "prop/sit": "33041510994/ novo/ posição OK", "lat": -22.106944444444444, "long": -41.471944444444446}, "geometry": {"type": "Point", "coordinates": [-41.471944444444446, -22.106944444444444]}}, {"id": "38", "type": "Feature", "properties": {"codmunicipio": 3304151, "municipio": "QUISSAMA", "NUCDA": "Macaé", "codpropriedade": 33041510996, "proparrend": "Arrendatário", "nomeprodutor": "LEANDRO DA SILVA RODRIGUES", "cad": "2026-07-21", "atualz": "2026-07-21", "st_atualz": "novo", "status_geo": "posição OK", "situacao": "novo/ posição OK", "prop/sit": "33041510996/ novo/ posição OK", "lat": -22.106944444444444, "long": -41.37833333333333}, "geometry": {"type": "Point", "coordinates": [-41.37833333333333, -22.106944444444444]}}, {"id": "39", "type": "Feature", "properties": {"codmunicipio": 3301157, "municipio": "CARDOSO MOREIRA", "NUCDA": "São Fidelis", "codpropriedade": 33011570310, "proparrend": "Proprietário", "nomeprodutor": "ADRIANA PEREIRA ALVES BARBOSA", "cad": "2012-05-03", "atualz": "2026-07-14", "st_atualz": "atualizado", "status_geo": "posição OK", "situacao": "atualizado/ posição OK", "prop/sit": "33011570310/ atualizado/ posição OK", "lat": -21.48286111111111, "long": -41.62844444444445}, "geometry": {"type": "Point", "coordinates": [-41.62844444444445, -21.48286111111111]}}, {"id": "40", "type": "Feature", "properties": {"codmunicipio": 3301157, "municipio": "CARDOSO MOREIRA", "NUCDA": "São Fidelis", "codpropriedade": 33011571490, "proparrend": "Proprietário", "nomeprodutor": "GILSON DO ROSARIO BARBOSA", "cad": "2026-07-08", "atualz": "2026-07-08", "st_atualz": "novo", "status_geo": "posição OK", "situacao": "novo/ posição OK", "prop/sit": "33011571490/ novo/ posição OK", "lat": -21.597152777777776, "long": -41.48336388888889}, "geometry": {"type": "Point", "coordinates": [-41.48336388888889, -21.597152777777776]}}, {"id": "41", "type": "Feature", "properties": {"codmunicipio": 3301157, "municipio": "CARDOSO MOREIRA", "NUCDA": "São Fidelis", "codpropriedade": 33011571486, "proparrend": "Proprietário", "nomeprodutor": "JENEIR SEIPEL", "cad": "2026-07-02", "atualz": "2026-07-02", "st_atualz": "novo", "status_geo": "posição OK", "situacao": "novo/ posição OK", "prop/sit": "33011571486/ novo/ posição OK", "lat": -21.532727777777776, "long": -41.532977777777774}, "geometry": {"type": "Point", "coordinates": [-41.532977777777774, -21.532727777777776]}}, {"id": "42", "type": "Feature", "properties": {"codmunicipio": 3301157, "municipio": "CARDOSO MOREIRA", "NUCDA": "São Fidelis", "codpropriedade": 33011571494, "proparrend": "Proprietário", "nomeprodutor": "LEANDRO SANTOS OLIVEIRA", "cad": "2026-07-08", "atualz": "2026-07-08", "st_atualz": "novo", "status_geo": "posição OK", "situacao": "novo/ posição OK", "prop/sit": "33011571494/ novo/ posição OK", "lat": -21.526969444444443, "long": -41.523833333333336}, "geometry": {"type": "Point", "coordinates": [-41.523833333333336, -21.526969444444443]}}, {"id": "43", "type": "Feature", "properties": {"codmunicipio": 3301157, "municipio": "CARDOSO MOREIRA", "NUCDA": "São Fidelis", "codpropriedade": 33011571492, "proparrend": "Proprietário", "nomeprodutor": "LEDUEME SOUSA DA SILVA", "cad": "2026-07-08", "atualz": "2026-07-08", "st_atualz": "novo", "status_geo": "posição OK", "situacao": "novo/ posição OK", "prop/sit": "33011571492/ novo/ posição OK", "lat": -21.596208333333333, "long": -41.48348888888889}, "geometry": {"type": "Point", "coordinates": [-41.48348888888889, -21.596208333333333]}}, {"id": "44", "type": "Feature", "properties": {"codmunicipio": 3301157, "municipio": "CARDOSO MOREIRA", "NUCDA": "São Fidelis", "codpropriedade": 33011571498, "proparrend": "Proprietário", "nomeprodutor": "LUCIANO JUNIO BALDINO GALITO", "cad": "2026-07-30", "atualz": "2026-07-30", "st_atualz": "novo", "status_geo": "posição OK", "situacao": "novo/ posição OK", "prop/sit": "33011571498/ novo/ posição OK", "lat": -21.601761111111113, "long": -41.470025}, "geometry": {"type": "Point", "coordinates": [-41.470025, -21.601761111111113]}}, {"id": "45", "type": "Feature", "properties": {"codmunicipio": 3301157, "municipio": "CARDOSO MOREIRA", "NUCDA": "São Fidelis", "codpropriedade": 33011571488, "proparrend": "Proprietário", "nomeprodutor": "LUIS OTAVIO DE OLIVEIRA AMARAL", "cad": "2026-07-08", "atualz": "2026-07-08", "st_atualz": "novo", "status_geo": "posição OK", "situacao": "novo/ posição OK", "prop/sit": "33011571488/ novo/ posição OK", "lat": -21.601822222222225, "long": -41.465361111111115}, "geometry": {"type": "Point", "coordinates": [-41.465361111111115, -21.601822222222225]}}, {"id": "46", "type": "Feature", "properties": {"codmunicipio": 3301157, "municipio": "CARDOSO MOREIRA", "NUCDA": "São Fidelis", "codpropriedade": 33011570552, "proparrend": "Proprietário", "nomeprodutor": "MARIA LUCIA DOS SANTOS", "cad": "2012-05-03", "atualz": "2026-07-03", "st_atualz": "atualizado", "status_geo": "posição OK", "situacao": "atualizado/ posição OK", "prop/sit": "33011570552/ atualizado/ posição OK", "lat": -21.534319444444446, "long": -41.52899722222222}, "geometry": {"type": "Point", "coordinates": [-41.52899722222222, -21.534319444444446]}}, {"id": "47", "type": "Feature", "properties": {"codmunicipio": 3301157, "municipio": "CARDOSO MOREIRA", "NUCDA": "São Fidelis", "codpropriedade": 33011570522, "proparrend": "Proprietário", "nomeprodutor": "VANUSIA CASANOVA PERSI DE OLIVEIRA", "cad": "2012-05-03", "atualz": "2026-07-14", "st_atualz": "atualizado", "status_geo": "posição OK", "situacao": "atualizado/ posição OK", "prop/sit": "33011570522/ atualizado/ posição OK", "lat": -21.534658333333336, "long": -41.55240555555555}, "geometry": {"type": "Point", "coordinates": [-41.55240555555555, -21.534658333333336]}}, {"id": "48", "type": "Feature", "properties": {"codmunicipio": 3301157, "municipio": "CARDOSO MOREIRA", "NUCDA": "São Fidelis", "codpropriedade": 33011570310, "proparrend": "Arrendatário", "nomeprodutor": "MARCOS RIBEIRO BARBOSA", "cad": "2012-05-03", "atualz": "2026-07-14", "st_atualz": "atualizado", "status_geo": "posição OK", "situacao": "atualizado/ posição OK", "prop/sit": "33011570310/ atualizado/ posição OK", "lat": -21.48286111111111, "long": -41.62844444444445}, "geometry": {"type": "Point", "coordinates": [-41.62844444444445, -21.48286111111111]}}, {"id": "49", "type": "Feature", "properties": {"codmunicipio": 3304805, "municipio": "SAO FIDELIS", "NUCDA": "São Fidelis", "codpropriedade": 33048052906, "proparrend": "Proprietário", "nomeprodutor": "MARIA TERESA SOARES COQUITO", "cad": "2026-07-03", "atualz": "2026-07-03", "st_atualz": "novo", "status_geo": "posição OK", "situacao": "novo/ posição OK", "prop/sit": "33048052906/ novo/ posição OK", "lat": -21.68777777777778, "long": -41.745775}, "geometry": {"type": "Point", "coordinates": [-41.745775, -21.68777777777778]}}, {"id": "50", "type": "Feature", "properties": {"codmunicipio": 3304755, "municipio": "SAO FRANCISCO DE ITABAPOANA", "NUCDA": "São Fco do Itabapoana", "codpropriedade": 33047550455, "proparrend": "Proprietário", "nomeprodutor": "CLODOALDO AREIAS BATISTA", "cad": "2012-05-03", "atualz": "2026-07-22", "st_atualz": "atualizado", "status_geo": "posição OK", "situacao": "atualizado/ posição OK", "prop/sit": "33047550455/ atualizado/ posição OK", "lat": -21.27725, "long": -41.04452777777777}, "geometry": {"type": "Point", "coordinates": [-41.04452777777777, -21.27725]}}, {"id": "51", "type": "Feature", "properties": {"codmunicipio": 3304755, "municipio": "SAO FRANCISCO DE ITABAPOANA", "NUCDA": "São Fco do Itabapoana", "codpropriedade": 33047550455, "proparrend": "Arrendatário", "nomeprodutor": "MARCIA BARRETO BATISTA MANDUCA", "cad": "2012-05-03", "atualz": "2026-07-22", "st_atualz": "atualizado", "status_geo": "posição OK", "situacao": "atualizado/ posição OK", "prop/sit": "33047550455/ atualizado/ posição OK", "lat": -21.27725, "long": -41.04452777777777}, "geometry": {"type": "Point", "coordinates": [-41.04452777777777, -21.27725]}}, {"id": "52", "type": "Feature", "properties": {"codmunicipio": 3300506, "municipio": "BOM JARDIM", "NUCDA": "Cordeiro", "codpropriedade": 33005061112, "proparrend": "Proprietário", "nomeprodutor": "ANA CLÁUDIA MONNERAT ERTHAL", "cad": "2026-07-24", "atualz": "2026-07-24", "st_atualz": "novo", "status_geo": "posição OK", "situacao": "novo/ posição OK", "prop/sit": "33005061112/ novo/ posição OK", "lat": -22.21802222222222, "long": -42.307719444444444}, "geometry": {"type": "Point", "coordinates": [-42.307719444444444, -22.21802222222222]}}, {"id": "53", "type": "Feature", "properties": {"codmunicipio": 3301108, "municipio": "CANTAGALO", "NUCDA": "Cordeiro", "codpropriedade": 33011080236, "proparrend": "Proprietário", "nomeprodutor": "CARLOS MÁRIO DAFLON FARIA", "cad": "2012-05-03", "atualz": "2026-07-29", "st_atualz": "atualizado", "status_geo": "posição OK", "situacao": "atualizado/ posição OK", "prop/sit": "33011080236/ atualizado/ posição OK", "lat": -21.845074999999998, "long": -42.233558333333335}, "geometry": {"type": "Point", "coordinates": [-42.233558333333335, -21.845074999999998]}}, {"id": "54", "type": "Feature", "properties": {"codmunicipio": 3301108, "municipio": "CANTAGALO", "NUCDA": "Cordeiro", "codpropriedade": 33011081357, "proparrend": "Proprietário", "nomeprodutor": "LUCIANO GLORIA DA SILVA", "cad": "2026-07-07", "atualz": "2026-07-07", "st_atualz": "novo", "status_geo": "posição OK", "situacao": "novo/ posição OK", "prop/sit": "33011081357/ novo/ posição OK", "lat": -21.91119722222222, "long": -42.489383333333336}, "geometry": {"type": "Point", "coordinates": [-42.489383333333336, -21.91119722222222]}}, {"id": "55", "type": "Feature", "properties": {"codmunicipio": 3301108, "municipio": "CANTAGALO", "NUCDA": "Cordeiro", "codpropriedade": 33011080025, "proparrend": "Proprietário", "nomeprodutor": "MABELE ROSE VIEIRA THOME", "cad": "2012-05-03", "atualz": "2026-07-03", "st_atualz": "atualizado", "status_geo": "posição OK", "situacao": "atualizado/ posição OK", "prop/sit": "33011080025/ atualizado/ posição OK", "lat": -21.911794444444443, "long": -42.383175}, "geometry": {"type": "Point", "coordinates": [-42.383175, -21.911794444444443]}}, {"id": "56", "type": "Feature", "properties": {"codmunicipio": 3301108, "municipio": "CANTAGALO", "NUCDA": "Cordeiro", "codpropriedade": 33011081355, "proparrend": "Proprietário", "nomeprodutor": "MARCOS BRUNO GONZAGA SILVA", "cad": "2026-07-03", "atualz": "2026-07-03", "st_atualz": "novo", "status_geo": "posição OK", "situacao": "novo/ posição OK", "prop/sit": "33011081355/ novo/ posição OK", "lat": -21.96483333333333, "long": -42.28892777777778}, "geometry": {"type": "Point", "coordinates": [-42.28892777777778, -21.96483333333333]}}, {"id": "57", "type": "Feature", "properties": {"codmunicipio": 3301108, "municipio": "CANTAGALO", "NUCDA": "Cordeiro", "codpropriedade": 33011081364, "proparrend": "Proprietário", "nomeprodutor": "PABLO VIEIRA BADINI", "cad": "2019-02-12", "atualz": "2026-07-21", "st_atualz": "atualizado", "status_geo": "posição OK", "situacao": "atualizado/ posição OK", "prop/sit": "33011081364/ atualizado/ posição OK", "lat": -21.987336111111112, "long": -42.42016666666667}, "geometry": {"type": "Point", "coordinates": [-42.42016666666667, -21.987336111111112]}}, {"id": "58", "type": "Feature", "properties": {"codmunicipio": 3301108, "municipio": "CANTAGALO", "NUCDA": "Cordeiro", "codpropriedade": 33011081145, "proparrend": "Arrendatário", "nomeprodutor": "JOAQUIM CUNHA", "cad": "2020-05-26", "atualz": "2026-07-22", "st_atualz": "atualizado", "status_geo": "posição OK", "situacao": "atualizado/ posição OK", "prop/sit": "33011081145/ atualizado/ posição OK", "lat": -21.953055555555554, "long": -42.38444444444445}, "geometry": {"type": "Point", "coordinates": [-42.38444444444445, -21.953055555555554]}}, {"id": "59", "type": "Feature", "properties": {"codmunicipio": 3301108, "municipio": "CANTAGALO", "NUCDA": "Cordeiro", "codpropriedade": 33011080236, "proparrend": "Arrendatário", "nomeprodutor": "UBIRATAN ROSA DA SILVA", "cad": "2012-05-03", "atualz": "2026-07-29", "st_atualz": "atualizado", "status_geo": "posição OK", "situacao": "atualizado/ posição OK", "prop/sit": "33011080236/ atualizado/ posição OK", "lat": -21.845074999999998, "long": -42.233558333333335}, "geometry": {"type": "Point", "coordinates": [-42.233558333333335, -21.845074999999998]}}, {"id": "60", "type": "Feature", "properties": {"codmunicipio": 3301207, "municipio": "CARMO", "NUCDA": "Cordeiro", "codpropriedade": 33012070209, "proparrend": "Proprietário", "nomeprodutor": "ANDREA MARIA BRAGA MONTEIRO", "cad": "2012-05-03", "atualz": "2026-07-28", "st_atualz": "atualizado", "status_geo": "posição OK", "situacao": "atualizado/ posição OK", "prop/sit": "33012070209/ atualizado/ posição OK", "lat": -21.941111111111113, "long": -42.60527777777778}, "geometry": {"type": "Point", "coordinates": [-42.60527777777778, -21.941111111111113]}}, {"id": "61", "type": "Feature", "properties": {"codmunicipio": 3301207, "municipio": "CARMO", "NUCDA": "Cordeiro", "codpropriedade": 33012070493, "proparrend": "Proprietário", "nomeprodutor": "WILKER CALIL DE CARVALHO", "cad": "2012-05-03", "atualz": "2026-07-11", "st_atualz": "atualizado", "status_geo": "posição OK", "situacao": "atualizado/ posição OK", "prop/sit": "33012070493/ atualizado/ posição OK", "lat": -21.85027777777778, "long": -42.47138888888889}, "geometry": {"type": "Point", "coordinates": [-42.47138888888889, -21.85027777777778]}}, {"id": "62", "type": "Feature", "properties": {"codmunicipio": 3301207, "municipio": "CARMO", "NUCDA": "Cordeiro", "codpropriedade": 33012070077, "proparrend": "Arrendatário", "nomeprodutor": "JOSE ANTONIO LOPES", "cad": "2012-05-03", "atualz": "2026-07-29", "st_atualz": "atualizado", "status_geo": "posição OK", "situacao": "atualizado/ posição OK", "prop/sit": "33012070077/ atualizado/ posição OK", "lat": -21.946575, "long": -42.571311111111115}, "geometry": {"type": "Point", "coordinates": [-42.571311111111115, -21.946575]}}, {"id": "63", "type": "Feature", "properties": {"codmunicipio": 3301207, "municipio": "CARMO", "NUCDA": "Cordeiro", "codpropriedade": 33012070209, "proparrend": "Arrendatário", "nomeprodutor": "LUIZ ANTONIO COSTA", "cad": "2012-05-03", "atualz": "2026-07-28", "st_atualz": "atualizado", "status_geo": "posição OK", "situacao": "atualizado/ posição OK", "prop/sit": "33012070209/ atualizado/ posição OK", "lat": -21.941111111111113, "long": -42.60527777777778}, "geometry": {"type": "Point", "coordinates": [-42.60527777777778, -21.941111111111113]}}, {"id": "64", "type": "Feature", "properties": {"codmunicipio": 3301207, "municipio": "CARMO", "NUCDA": "Cordeiro", "codpropriedade": 33012070463, "proparrend": "Arrendatário", "nomeprodutor": "RODOLFO FREIRE VIEIRA", "cad": "2012-05-03", "atualz": "2026-07-01", "st_atualz": "atualizado", "status_geo": "posição OK", "situacao": "atualizado/ posição OK", "prop/sit": "33012070463/ atualizado/ posição OK", "lat": -21.865916666666667, "long": -42.49336111111111}, "geometry": {"type": "Point", "coordinates": [-42.49336111111111, -21.865916666666667]}}, {"id": "65", "type": "Feature", "properties": {"codmunicipio": 3301504, "municipio": "CORDEIRO", "NUCDA": "Cordeiro", "codpropriedade": 33015040078, "proparrend": "Proprietário", "nomeprodutor": "ADAO SERENO DE REZENDE", "cad": "2012-05-03", "atualz": "2026-07-15", "st_atualz": "atualizado", "status_geo": "erro posição", "situacao": "atualizado/ erro posição", "prop/sit": "33015040078/ atualizado/ erro posição", "lat": -22.046111111111113, "long": -42.41138888888889}, "geometry": {"type": "Point", "coordinates": [-42.41138888888889, -22.046111111111113]}}, {"id": "66", "type": "Feature", "properties": {"codmunicipio": 3301603, "municipio": "DUAS BARRAS", "NUCDA": "Cordeiro", "codpropriedade": 33016030776, "proparrend": "Proprietário", "nomeprodutor": "AILTON DA SILVA LOPES", "cad": "2026-07-07", "atualz": "2026-07-07", "st_atualz": "novo", "status_geo": "posição OK", "situacao": "novo/ posição OK", "prop/sit": "33016030776/ novo/ posição OK", "lat": -22.05011111111111, "long": -42.56673611111111}, "geometry": {"type": "Point", "coordinates": [-42.56673611111111, -22.05011111111111]}}, {"id": "67", "type": "Feature", "properties": {"codmunicipio": 3301603, "municipio": "DUAS BARRAS", "NUCDA": "Cordeiro", "codpropriedade": 33016030176, "proparrend": "Proprietário", "nomeprodutor": "JOSE GERALDO DE MATTOS", "cad": "2012-05-03", "atualz": "2026-07-30", "st_atualz": "atualizado", "status_geo": "posição OK", "situacao": "atualizado/ posição OK", "prop/sit": "33016030176/ atualizado/ posição OK", "lat": -22.031944444444445, "long": -42.50416666666667}, "geometry": {"type": "Point", "coordinates": [-42.50416666666667, -22.031944444444445]}}, {"id": "68", "type": "Feature", "properties": {"codmunicipio": 3301603, "municipio": "DUAS BARRAS", "NUCDA": "Cordeiro", "codpropriedade": 33016030777, "proparrend": "Proprietário", "nomeprodutor": "ROSANGELA DE ABREU CORREA DE OLIVEIRA ", "cad": "2026-07-14", "atualz": "2026-07-14", "st_atualz": "novo", "status_geo": "posição OK", "situacao": "novo/ posição OK", "prop/sit": "33016030777/ novo/ posição OK", "lat": -21.91671388888889, "long": -42.516816666666664}, "geometry": {"type": "Point", "coordinates": [-42.516816666666664, -21.91671388888889]}}, {"id": "69", "type": "Feature", "properties": {"codmunicipio": 3301603, "municipio": "DUAS BARRAS", "NUCDA": "Cordeiro", "codpropriedade": 33016030176, "proparrend": "Arrendatário", "nomeprodutor": "CICERO TAVARES PINHEIROS", "cad": "2012-05-03", "atualz": "2026-07-30", "st_atualz": "atualizado", "status_geo": "posição OK", "situacao": "atualizado/ posição OK", "prop/sit": "33016030176/ atualizado/ posição OK", "lat": -22.031944444444445, "long": -42.50416666666667}, "geometry": {"type": "Point", "coordinates": [-42.50416666666667, -22.031944444444445]}}, {"id": "70", "type": "Feature", "properties": {"codmunicipio": 3301603, "municipio": "DUAS BARRAS", "NUCDA": "Cordeiro", "codpropriedade": 33016030303, "proparrend": "Arrendatário", "nomeprodutor": "VICTOR LUIZ PIRES GUERRA", "cad": "2012-05-03", "atualz": "2026-07-23", "st_atualz": "atualizado", "status_geo": "posição OK", "situacao": "atualizado/ posição OK", "prop/sit": "33016030303/ atualizado/ posição OK", "lat": -22.061111111111114, "long": -42.55277777777778}, "geometry": {"type": "Point", "coordinates": [-42.55277777777778, -22.061111111111114]}}, {"id": "71", "type": "Feature", "properties": {"codmunicipio": 3305307, "municipio": "SAO SEBASTIAO DO ALTO", "NUCDA": "Cordeiro", "codpropriedade": 33053070910, "proparrend": "Proprietário", "nomeprodutor": "ALEX TIBERTO DOS REIS", "cad": "2015-04-27", "atualz": "2026-07-20", "st_atualz": "atualizado", "status_geo": "posição OK", "situacao": "atualizado/ posição OK", "prop/sit": "33053070910/ atualizado/ posição OK", "lat": -21.943313888888888, "long": -42.196666666666665}, "geometry": {"type": "Point", "coordinates": [-42.196666666666665, -21.943313888888888]}}, {"id": "72", "type": "Feature", "properties": {"codmunicipio": 3305307, "municipio": "SAO SEBASTIAO DO ALTO", "NUCDA": "Cordeiro", "codpropriedade": 33053070248, "proparrend": "Proprietário", "nomeprodutor": "MAURO MEIRELLES JORDÃO", "cad": "2012-05-03", "atualz": "2026-07-02", "st_atualz": "atualizado", "status_geo": "posição OK", "situacao": "atualizado/ posição OK", "prop/sit": "33053070248/ atualizado/ posição OK", "lat": -21.958855555555555, "long": -42.22242777777778}, "geometry": {"type": "Point", "coordinates": [-42.22242777777778, -21.958855555555555]}}, {"id": "73", "type": "Feature", "properties": {"codmunicipio": 3305307, "municipio": "SAO SEBASTIAO DO ALTO", "NUCDA": "Cordeiro", "codpropriedade": 33053070995, "proparrend": "Proprietário", "nomeprodutor": "OSMAIR XAVIER DE ANDRADE", "cad": "2026-07-28", "atualz": "2026-07-28", "st_atualz": "novo", "status_geo": "posição OK", "situacao": "novo/ posição OK", "prop/sit": "33053070995/ novo/ posição OK", "lat": -21.783386111111113, "long": -41.97944444444445}, "geometry": {"type": "Point", "coordinates": [-41.97944444444445, -21.783386111111113]}}, {"id": "74", "type": "Feature", "properties": {"codmunicipio": 3303401, "municipio": "NOVA FRIBURGO", "NUCDA": "Nova Friburgo", "codpropriedade": 33034010486, "proparrend": "Proprietário", "nomeprodutor": "ALEXANDRE FONSECA BRANTES", "cad": "2012-05-03", "atualz": "2026-07-21", "st_atualz": "atualizado", "status_geo": "posição OK", "situacao": "atualizado/ posição OK", "prop/sit": "33034010486/ atualizado/ posição OK", "lat": -22.32361111111111, "long": -42.676944444444445}, "geometry": {"type": "Point", "coordinates": [-42.676944444444445, -22.32361111111111]}}, {"id": "75", "type": "Feature", "properties": {"codmunicipio": 3303401, "municipio": "NOVA FRIBURGO", "NUCDA": "Nova Friburgo", "codpropriedade": 33034011528, "proparrend": "Proprietário", "nomeprodutor": "ANTONIO JOSE GONÇALVES", "cad": "2026-07-10", "atualz": "2026-07-10", "st_atualz": "novo", "status_geo": "posição OK", "situacao": "novo/ posição OK", "prop/sit": "33034011528/ novo/ posição OK", "lat": -22.224999999999998, "long": -42.64361111111111}, "geometry": {"type": "Point", "coordinates": [-42.64361111111111, -22.224999999999998]}}, {"id": "76", "type": "Feature", "properties": {"codmunicipio": 3303401, "municipio": "NOVA FRIBURGO", "NUCDA": "Nova Friburgo", "codpropriedade": 33034011527, "proparrend": "Proprietário", "nomeprodutor": "CASSIANO MARTINS MATTOS", "cad": "2026-07-10", "atualz": "2026-07-10", "st_atualz": "novo", "status_geo": "posição OK", "situacao": "novo/ posição OK", "prop/sit": "33034011527/ novo/ posição OK", "lat": -22.22222222222222, "long": -42.64805555555556}, "geometry": {"type": "Point", "coordinates": [-42.64805555555556, -22.22222222222222]}}, {"id": "77", "type": "Feature", "properties": {"codmunicipio": 3303401, "municipio": "NOVA FRIBURGO", "NUCDA": "Nova Friburgo", "codpropriedade": 33034010072, "proparrend": "Proprietário", "nomeprodutor": "MARCELLO MORAES CLOS", "cad": "2012-05-03", "atualz": "2026-07-02", "st_atualz": "atualizado", "status_geo": "posição OK", "situacao": "atualizado/ posição OK", "prop/sit": "33034010072/ atualizado/ posição OK", "lat": -22.305555555555557, "long": -42.59805555555556}, "geometry": {"type": "Point", "coordinates": [-42.59805555555556, -22.305555555555557]}}, {"id": "78", "type": "Feature", "properties": {"codmunicipio": 3303401, "municipio": "NOVA FRIBURGO", "NUCDA": "Nova Friburgo", "codpropriedade": 33034011529, "proparrend": "Proprietário", "nomeprodutor": "MARCOS RONI OUVERNEY HERINGER", "cad": "2026-07-20", "atualz": "2026-07-20", "st_atualz": "novo", "status_geo": "posição OK", "situacao": "novo/ posição OK", "prop/sit": "33034011529/ novo/ posição OK", "lat": -22.358333333333334, "long": -42.361666666666665}, "geometry": {"type": "Point", "coordinates": [-42.361666666666665, -22.358333333333334]}}, {"id": "79", "type": "Feature", "properties": {"codmunicipio": 3303401, "municipio": "NOVA FRIBURGO", "NUCDA": "Nova Friburgo", "codpropriedade": 33034011526, "proparrend": "Proprietário", "nomeprodutor": "VANY MARIA COSTA OLIVAL", "cad": "2026-07-09", "atualz": "2026-07-10", "st_atualz": "atualizado", "status_geo": "posição OK", "situacao": "atualizado/ posição OK", "prop/sit": "33034011526/ atualizado/ posição OK", "lat": -22.31972222222222, "long": -42.56625}, "geometry": {"type": "Point", "coordinates": [-42.56625, -22.31972222222222]}}, {"id": "80", "type": "Feature", "properties": {"codmunicipio": 3303401, "municipio": "NOVA FRIBURGO", "NUCDA": "Nova Friburgo", "codpropriedade": 33034011526, "proparrend": "Arrendatário", "nomeprodutor": "DIEGO AYRES SANGY", "cad": "2026-07-09", "atualz": "2026-07-10", "st_atualz": "atualizado", "status_geo": "posição OK", "situacao": "atualizado/ posição OK", "prop/sit": "33034011526/ atualizado/ posição OK", "lat": -22.31972222222222, "long": -42.56625}, "geometry": {"type": "Point", "coordinates": [-42.56625, -22.31972222222222]}}, {"id": "81", "type": "Feature", "properties": {"codmunicipio": 3303401, "municipio": "NOVA FRIBURGO", "NUCDA": "Nova Friburgo", "codpropriedade": 33034010486, "proparrend": "Arrendatário", "nomeprodutor": "IRENE FONSECA BRANTES", "cad": "2012-05-03", "atualz": "2026-07-21", "st_atualz": "atualizado", "status_geo": "posição OK", "situacao": "atualizado/ posição OK", "prop/sit": "33034010486/ atualizado/ posição OK", "lat": -22.32361111111111, "long": -42.676944444444445}, "geometry": {"type": "Point", "coordinates": [-42.676944444444445, -22.32361111111111]}}, {"id": "82", "type": "Feature", "properties": {"codmunicipio": 3305703, "municipio": "SUMIDOURO", "NUCDA": "Nova Friburgo", "codpropriedade": 33057031377, "proparrend": "Proprietário", "nomeprodutor": "GABRIEL DA SILVA MARQUES", "cad": "2018-04-16", "atualz": "2026-07-12", "st_atualz": "atualizado", "status_geo": "posição OK", "situacao": "atualizado/ posição OK", "prop/sit": "33057031377/ atualizado/ posição OK", "lat": -22.055222222222223, "long": -42.67777777777778}, "geometry": {"type": "Point", "coordinates": [-42.67777777777778, -22.055222222222223]}}, {"id": "83", "type": "Feature", "properties": {"codmunicipio": 3305703, "municipio": "SUMIDOURO", "NUCDA": "Nova Friburgo", "codpropriedade": 33057031278, "proparrend": "Proprietário", "nomeprodutor": "HENRIQUE AUGUSTO LIMA FERNANDES", "cad": "2024-04-15", "atualz": "2026-07-13", "st_atualz": "atualizado", "status_geo": "posição OK", "situacao": "atualizado/ posição OK", "prop/sit": "33057031278/ atualizado/ posição OK", "lat": -22.051666666666666, "long": -42.60944444444445}, "geometry": {"type": "Point", "coordinates": [-42.60944444444445, -22.051666666666666]}}, {"id": "84", "type": "Feature", "properties": {"codmunicipio": 3305703, "municipio": "SUMIDOURO", "NUCDA": "Nova Friburgo", "codpropriedade": 33057030043, "proparrend": "Proprietário", "nomeprodutor": "JOAO BAPTISTA CARDOSO", "cad": "2012-05-03", "atualz": "2026-07-19", "st_atualz": "atualizado", "status_geo": "posição OK", "situacao": "atualizado/ posição OK", "prop/sit": "33057030043/ atualizado/ posição OK", "lat": -22.048055555555557, "long": -42.66888888888889}, "geometry": {"type": "Point", "coordinates": [-42.66888888888889, -22.048055555555557]}}, {"id": "85", "type": "Feature", "properties": {"codmunicipio": 3305703, "municipio": "SUMIDOURO", "NUCDA": "Nova Friburgo", "codpropriedade": 33057030543, "proparrend": "Proprietário", "nomeprodutor": "JOSE ANTONIO PEREIRA", "cad": "2012-05-03", "atualz": "2026-07-07", "st_atualz": "atualizado", "status_geo": "posição OK", "situacao": "atualizado/ posição OK", "prop/sit": "33057030543/ atualizado/ posição OK", "lat": -22.162333333333333, "long": -42.63880555555556}, "geometry": {"type": "Point", "coordinates": [-42.63880555555556, -22.162333333333333]}}, {"id": "86", "type": "Feature", "properties": {"codmunicipio": 3305703, "municipio": "SUMIDOURO", "NUCDA": "Nova Friburgo", "codpropriedade": 33057030135, "proparrend": "Proprietário", "nomeprodutor": "JOSE CARLOS PEREIRA", "cad": "2012-05-03", "atualz": "2026-07-13", "st_atualz": "atualizado", "status_geo": "posição OK", "situacao": "atualizado/ posição OK", "prop/sit": "33057030135/ atualizado/ posição OK", "lat": -22.11888888888889, "long": -42.70888888888889}, "geometry": {"type": "Point", "coordinates": [-42.70888888888889, -22.11888888888889]}}, {"id": "87", "type": "Feature", "properties": {"codmunicipio": 3305703, "municipio": "SUMIDOURO", "NUCDA": "Nova Friburgo", "codpropriedade": 33057030342, "proparrend": "Proprietário", "nomeprodutor": "JOSE SERGIO HOTTZ CARREIRO", "cad": "2012-05-03", "atualz": "2026-07-07", "st_atualz": "atualizado", "status_geo": "posição OK", "situacao": "atualizado/ posição OK", "prop/sit": "33057030342/ atualizado/ posição OK", "lat": -22.191111111111113, "long": -42.64555555555555}, "geometry": {"type": "Point", "coordinates": [-42.64555555555555, -22.191111111111113]}}, {"id": "88", "type": "Feature", "properties": {"codmunicipio": 3305703, "municipio": "SUMIDOURO", "NUCDA": "Nova Friburgo", "codpropriedade": 33057030045, "proparrend": "Proprietário", "nomeprodutor": "MARCOS ANTONIO GARCIA LOPES", "cad": "2012-05-03", "atualz": "2026-07-19", "st_atualz": "atualizado", "status_geo": "posição OK", "situacao": "atualizado/ posição OK", "prop/sit": "33057030045/ atualizado/ posição OK", "lat": -22.011388888888888, "long": -42.64}, "geometry": {"type": "Point", "coordinates": [-42.64, -22.011388888888888]}}, {"id": "89", "type": "Feature", "properties": {"codmunicipio": 3305703, "municipio": "SUMIDOURO", "NUCDA": "Nova Friburgo", "codpropriedade": 33057030019, "proparrend": "Proprietário", "nomeprodutor": "WALDEMIRO HOTTZ MADURO", "cad": "2012-05-03", "atualz": "2026-07-10", "st_atualz": "atualizado", "status_geo": "posição OK", "situacao": "atualizado/ posição OK", "prop/sit": "33057030019/ atualizado/ posição OK", "lat": -22.198888888888888, "long": -42.647777777777776}, "geometry": {"type": "Point", "coordinates": [-42.647777777777776, -22.198888888888888]}}, {"id": "90", "type": "Feature", "properties": {"codmunicipio": 3305703, "municipio": "SUMIDOURO", "NUCDA": "Nova Friburgo", "codpropriedade": 33057030441, "proparrend": "Arrendatário", "nomeprodutor": "ANTONIO CARLOS BARBOSA WERMELINGER", "cad": "2012-05-03", "atualz": "2026-07-19", "st_atualz": "atualizado", "status_geo": "posição OK", "situacao": "atualizado/ posição OK", "prop/sit": "33057030441/ atualizado/ posição OK", "lat": -22.07638888888889, "long": -42.65611111111111}, "geometry": {"type": "Point", "coordinates": [-42.65611111111111, -22.07638888888889]}}, {"id": "91", "type": "Feature", "properties": {"codmunicipio": 3305703, "municipio": "SUMIDOURO", "NUCDA": "Nova Friburgo", "codpropriedade": 33057030043, "proparrend": "Arrendatário", "nomeprodutor": "BERNADETTE PINHEIRO GONÇALVES CARDOSO", "cad": "2012-05-03", "atualz": "2026-07-19", "st_atualz": "atualizado", "status_geo": "posição OK", "situacao": "atualizado/ posição OK", "prop/sit": "33057030043/ atualizado/ posição OK", "lat": -22.048055555555557, "long": -42.66888888888889}, "geometry": {"type": "Point", "coordinates": [-42.66888888888889, -22.048055555555557]}}, {"id": "92", "type": "Feature", "properties": {"codmunicipio": 3305703, "municipio": "SUMIDOURO", "NUCDA": "Nova Friburgo", "codpropriedade": 33057030586, "proparrend": "Arrendatário", "nomeprodutor": "CELIO JOSÉ MATTOS DA SILVA", "cad": "2012-05-03", "atualz": "2026-07-10", "st_atualz": "atualizado", "status_geo": "posição OK", "situacao": "atualizado/ posição OK", "prop/sit": "33057030586/ atualizado/ posição OK", "lat": -22.1825, "long": -42.644999999999996}, "geometry": {"type": "Point", "coordinates": [-42.644999999999996, -22.1825]}}, {"id": "93", "type": "Feature", "properties": {"codmunicipio": 3305703, "municipio": "SUMIDOURO", "NUCDA": "Nova Friburgo", "codpropriedade": 33057030342, "proparrend": "Arrendatário", "nomeprodutor": "DANUBIA HOTTZ CARREIRO", "cad": "2012-05-03", "atualz": "2026-07-07", "st_atualz": "atualizado", "status_geo": "posição OK", "situacao": "atualizado/ posição OK", "prop/sit": "33057030342/ atualizado/ posição OK", "lat": -22.191111111111113, "long": -42.64555555555555}, "geometry": {"type": "Point", "coordinates": [-42.64555555555555, -22.191111111111113]}}, {"id": "94", "type": "Feature", "properties": {"codmunicipio": 3305703, "municipio": "SUMIDOURO", "NUCDA": "Nova Friburgo", "codpropriedade": 33057030441, "proparrend": "Arrendatário", "nomeprodutor": "GABRIEL BIANOR SANTA ROSA", "cad": "2012-05-03", "atualz": "2026-07-19", "st_atualz": "atualizado", "status_geo": "posição OK", "situacao": "atualizado/ posição OK", "prop/sit": "33057030441/ atualizado/ posição OK", "lat": -22.07638888888889, "long": -42.65611111111111}, "geometry": {"type": "Point", "coordinates": [-42.65611111111111, -22.07638888888889]}}, {"id": "95", "type": "Feature", "properties": {"codmunicipio": 3305703, "municipio": "SUMIDOURO", "NUCDA": "Nova Friburgo", "codpropriedade": 33057030207, "proparrend": "Arrendatário", "nomeprodutor": "MAX SILVA ALALUNA E OUTRA", "cad": "2012-05-03", "atualz": "2026-07-13", "st_atualz": "atualizado", "status_geo": "posição OK", "situacao": "atualizado/ posição OK", "prop/sit": "33057030207/ atualizado/ posição OK", "lat": -22.02611111111111, "long": -42.64861111111111}, "geometry": {"type": "Point", "coordinates": [-42.64861111111111, -22.02611111111111]}}, {"id": "96", "type": "Feature", "properties": {"codmunicipio": 3305703, "municipio": "SUMIDOURO", "NUCDA": "Nova Friburgo", "codpropriedade": 33057031350, "proparrend": "Arrendatário", "nomeprodutor": "RENAN DE SOUZA FERREIRA", "cad": "2026-07-30", "atualz": "2026-07-30", "st_atualz": "novo", "status_geo": "posição OK", "situacao": "novo/ posição OK", "prop/sit": "33057031350/ novo/ posição OK", "lat": -22.11202777777778, "long": -42.751194444444444}, "geometry": {"type": "Point", "coordinates": [-42.751194444444444, -22.11202777777778]}}, {"id": "97", "type": "Feature", "properties": {"codmunicipio": 3305802, "municipio": "TERESOPOLIS", "NUCDA": "Nova Friburgo", "codpropriedade": 33058020687, "proparrend": "Proprietário", "nomeprodutor": "CARLOS ALBERTO REIS", "cad": "2012-05-03", "atualz": "2026-07-19", "st_atualz": "atualizado", "status_geo": "posição OK", "situacao": "atualizado/ posição OK", "prop/sit": "33058020687/ atualizado/ posição OK", "lat": -22.185277777777777, "long": -42.85638888888889}, "geometry": {"type": "Point", "coordinates": [-42.85638888888889, -22.185277777777777]}}, {"id": "98", "type": "Feature", "properties": {"codmunicipio": 3305802, "municipio": "TERESOPOLIS", "NUCDA": "Nova Friburgo", "codpropriedade": 33058020687, "proparrend": "Arrendatário", "nomeprodutor": "FRANCISCO DE ASSIS CUNHA", "cad": "2012-05-03", "atualz": "2026-07-19", "st_atualz": "atualizado", "status_geo": "posição OK", "situacao": "atualizado/ posição OK", "prop/sit": "33058020687/ atualizado/ posição OK", "lat": -22.185277777777777, "long": -42.85638888888889}, "geometry": {"type": "Point", "coordinates": [-42.85638888888889, -22.185277777777777]}}, {"id": "99", "type": "Feature", "properties": {"codmunicipio": 3305802, "municipio": "TERESOPOLIS", "NUCDA": "Nova Friburgo", "codpropriedade": 33058020893, "proparrend": "Arrendatário", "nomeprodutor": "MARIO FRANCISCO LEAL MOREIRA", "cad": "2013-05-06", "atualz": "2026-07-30", "st_atualz": "atualizado", "status_geo": "posição OK", "situacao": "atualizado/ posição OK", "prop/sit": "33058020893/ atualizado/ posição OK", "lat": -22.317916666666665, "long": -42.82480555555556}, "geometry": {"type": "Point", "coordinates": [-42.82480555555556, -22.317916666666665]}}, {"id": "100", "type": "Feature", "properties": {"codmunicipio": 3304607, "municipio": "SANTA MARIA MADALENA", "NUCDA": "Sta Mª Madalena", "codpropriedade": 33046070977, "proparrend": "Proprietário", "nomeprodutor": "CARLOS ALBERTO DUTRA CAVALHEIRO", "cad": "2026-07-17", "atualz": "2026-07-17", "st_atualz": "novo", "status_geo": "posição OK", "situacao": "novo/ posição OK", "prop/sit": "33046070977/ novo/ posição OK", "lat": -21.955277777777777, "long": -42.00805555555556}, "geometry": {"type": "Point", "coordinates": [-42.00805555555556, -21.955277777777777]}}, {"id": "101", "type": "Feature", "properties": {"codmunicipio": 3304607, "municipio": "SANTA MARIA MADALENA", "NUCDA": "Sta Mª Madalena", "codpropriedade": 33046070975, "proparrend": "Proprietário", "nomeprodutor": "MARIA DA PIEDADE DA SILVA COSTA", "cad": "2026-07-07", "atualz": "2026-07-07", "st_atualz": "novo", "status_geo": "posição OK", "situacao": "novo/ posição OK", "prop/sit": "33046070975/ novo/ posição OK", "lat": -21.937825, "long": -41.941827777777775}, "geometry": {"type": "Point", "coordinates": [-41.941827777777775, -21.937825]}}, {"id": "102", "type": "Feature", "properties": {"codmunicipio": 3305901, "municipio": "TRAJANO DE MORAES", "NUCDA": "Sta Mª Madalena", "codpropriedade": 33059010517, "proparrend": "Proprietário", "nomeprodutor": "MARCELLO MIRANDA VIEIRA DE CARVALHO", "cad": "2026-07-22", "atualz": "2026-07-22", "st_atualz": "novo", "status_geo": "posição OK", "situacao": "novo/ posição OK", "prop/sit": "33059010517/ novo/ posição OK", "lat": -22.048905555555557, "long": -42.24279444444444}, "geometry": {"type": "Point", "coordinates": [-42.24279444444444, -22.048905555555557]}}, {"id": "103", "type": "Feature", "properties": {"codmunicipio": 3305901, "municipio": "TRAJANO DE MORAES", "NUCDA": "Sta Mª Madalena", "codpropriedade": 33059010318, "proparrend": "Proprietário", "nomeprodutor": "REGINA MARTA MIRANDA VIEIRA DE CARVALHO", "cad": "2012-05-03", "atualz": "2026-07-22", "st_atualz": "atualizado", "status_geo": "posição OK", "situacao": "atualizado/ posição OK", "prop/sit": "33059010318/ atualizado/ posição OK", "lat": -22.044444444444448, "long": -42.23898333333334}, "geometry": {"type": "Point", "coordinates": [-42.23898333333334, -22.044444444444448]}}, {"id": "104", "type": "Feature", "properties": {"codmunicipio": 3300605, "municipio": "BOM JESUS DO ITABAPOANA", "NUCDA": "B.J.Itabapoana", "codpropriedade": 33006051355, "proparrend": "Proprietário", "nomeprodutor": "EVANDRO ALMEIDA TEIXEIRA", "cad": "2026-07-09", "atualz": "2026-07-09", "st_atualz": "novo", "status_geo": "posição OK", "situacao": "novo/ posição OK", "prop/sit": "33006051355/ novo/ posição OK", "lat": -21.120747222222224, "long": -41.778438888888886}, "geometry": {"type": "Point", "coordinates": [-41.778438888888886, -21.120747222222224]}}, {"id": "105", "type": "Feature", "properties": {"codmunicipio": 3300605, "municipio": "BOM JESUS DO ITABAPOANA", "NUCDA": "B.J.Itabapoana", "codpropriedade": 33006051356, "proparrend": "Proprietário", "nomeprodutor": "MARCIO TEIXEIRA DE LISBOA", "cad": "2026-07-20", "atualz": "2026-07-20", "st_atualz": "novo", "status_geo": "posição OK", "situacao": "novo/ posição OK", "prop/sit": "33006051356/ novo/ posição OK", "lat": -21.03777777777778, "long": -41.7625}, "geometry": {"type": "Point", "coordinates": [-41.7625, -21.03777777777778]}}, {"id": "106", "type": "Feature", "properties": {"codmunicipio": 3300605, "municipio": "BOM JESUS DO ITABAPOANA", "NUCDA": "B.J.Itabapoana", "codpropriedade": 33006050695, "proparrend": "Proprietário", "nomeprodutor": "UMBERTO MESSIAS DE SOUZA", "cad": "2012-05-03", "atualz": "2026-07-06", "st_atualz": "atualizado", "status_geo": "posição OK", "situacao": "atualizado/ posição OK", "prop/sit": "33006050695/ atualizado/ posição OK", "lat": -21.106708333333334, "long": -41.722661111111115}, "geometry": {"type": "Point", "coordinates": [-41.722661111111115, -21.106708333333334]}}, {"id": "107", "type": "Feature", "properties": {"codmunicipio": 3300605, "municipio": "BOM JESUS DO ITABAPOANA", "NUCDA": "B.J.Itabapoana", "codpropriedade": 33006051351, "proparrend": "Arrendatário", "nomeprodutor": "MARCONE BRUM LOPES", "cad": "2026-07-03", "atualz": "2026-07-03", "st_atualz": "novo", "status_geo": "posição OK", "situacao": "novo/ posição OK", "prop/sit": "33006051351/ novo/ posição OK", "lat": -21.078888888888887, "long": -41.8075}, "geometry": {"type": "Point", "coordinates": [-41.8075, -21.078888888888887]}}, {"id": "108", "type": "Feature", "properties": {"codmunicipio": 3302056, "municipio": "ITALVA", "NUCDA": "B.J.Itabapoana", "codpropriedade": 33020560707, "proparrend": "Proprietário", "nomeprodutor": "EVA MARENDAZ MOTA DA SILVA", "cad": "2026-07-24", "atualz": "2026-07-24", "st_atualz": "novo", "status_geo": "posição OK", "situacao": "novo/ posição OK", "prop/sit": "33020560707/ novo/ posição OK", "lat": -21.45978611111111, "long": -41.723594444444444}, "geometry": {"type": "Point", "coordinates": [-41.723594444444444, -21.45978611111111]}}, {"id": "109", "type": "Feature", "properties": {"codmunicipio": 3300902, "municipio": "CAMBUCI", "NUCDA": "Itaocara", "codpropriedade": 33009020308, "proparrend": "Proprietário", "nomeprodutor": "FLAVIO GOMES DE SOUSA", "cad": "2012-05-03", "atualz": "2026-07-31", "st_atualz": "atualizado", "status_geo": "posição OK", "situacao": "atualizado/ posição OK", "prop/sit": "33009020308/ atualizado/ posição OK", "lat": -21.54277777777778, "long": -42.03527777777778}, "geometry": {"type": "Point", "coordinates": [-42.03527777777778, -21.54277777777778]}}, {"id": "110", "type": "Feature", "properties": {"codmunicipio": 3300902, "municipio": "CAMBUCI", "NUCDA": "Itaocara", "codpropriedade": 33009020079, "proparrend": "Proprietário", "nomeprodutor": "JOSÉ CARLOS PEREIRA", "cad": "2012-05-03", "atualz": "2026-07-09", "st_atualz": "atualizado", "status_geo": "posição OK", "situacao": "atualizado/ posição OK", "prop/sit": "33009020079/ atualizado/ posição OK", "lat": -21.59583333333333, "long": -41.956944444444446}, "geometry": {"type": "Point", "coordinates": [-41.956944444444446, -21.59583333333333]}}, {"id": "111", "type": "Feature", "properties": {"codmunicipio": 3302106, "municipio": "ITAOCARA", "NUCDA": "Itaocara", "codpropriedade": 33021060258, "proparrend": "Proprietário", "nomeprodutor": "ARISTEU DA SILVA FARIA", "cad": "2012-05-03", "atualz": "2026-07-02", "st_atualz": "atualizado", "status_geo": "posição OK", "situacao": "atualizado/ posição OK", "prop/sit": "33021060258/ atualizado/ posição OK", "lat": -21.711944444444445, "long": -42.12777777777778}, "geometry": {"type": "Point", "coordinates": [-42.12777777777778, -21.711944444444445]}}, {"id": "112", "type": "Feature", "properties": {"codmunicipio": 3302106, "municipio": "ITAOCARA", "NUCDA": "Itaocara", "codpropriedade": 33021060258, "proparrend": "Arrendatário", "nomeprodutor": "ALLAN DA SILVA FARIA", "cad": "2012-05-03", "atualz": "2026-07-02", "st_atualz": "atualizado", "status_geo": "posição OK", "situacao": "atualizado/ posição OK", "prop/sit": "33021060258/ atualizado/ posição OK", "lat": -21.711944444444445, "long": -42.12777777777778}, "geometry": {"type": "Point", "coordinates": [-42.12777777777778, -21.711944444444445]}}, {"id": "113", "type": "Feature", "properties": {"codmunicipio": 3302106, "municipio": "ITAOCARA", "NUCDA": "Itaocara", "codpropriedade": 33021060409, "proparrend": "Arrendatário", "nomeprodutor": "MARIA DA GLÓRIA PEREIRA MELO", "cad": "2012-05-03", "atualz": "2026-07-03", "st_atualz": "atualizado", "status_geo": "posição OK", "situacao": "atualizado/ posição OK", "prop/sit": "33021060409/ atualizado/ posição OK", "lat": -21.815555555555555, "long": -42.16222222222222}, "geometry": {"type": "Point", "coordinates": [-42.16222222222222, -21.815555555555555]}}, {"id": "114", "type": "Feature", "properties": {"codmunicipio": 3302304, "municipio": "LAJE DO MURIAE", "NUCDA": "Itaperuna", "codpropriedade": 33023040610, "proparrend": "Proprietário", "nomeprodutor": "VALDEIR DE FREITAS ALVES ", "cad": "2026-07-30", "atualz": "2026-07-30", "st_atualz": "novo", "status_geo": "posição OK", "situacao": "novo/ posição OK", "prop/sit": "33023040610/ novo/ posição OK", "lat": -21.194880555555557, "long": -42.17044166666666}, "geometry": {"type": "Point", "coordinates": [-42.17044166666666, -21.194880555555557]}}, {"id": "115", "type": "Feature", "properties": {"codmunicipio": 3303104, "municipio": "NATIVIDADE", "NUCDA": "Natividade", "codpropriedade": 33031040525, "proparrend": "Proprietário", "nomeprodutor": "JOAQUIM LUIZ DA SILVEIRA ", "cad": "2012-05-03", "atualz": "2026-07-13", "st_atualz": "atualizado", "status_geo": "posição OK", "situacao": "atualizado/ posição OK", "prop/sit": "33031040525/ atualizado/ posição OK", "lat": -20.969166666666666, "long": -41.84280555555556}, "geometry": {"type": "Point", "coordinates": [-41.84280555555556, -20.969166666666666]}}, {"id": "116", "type": "Feature", "properties": {"codmunicipio": 3303104, "municipio": "NATIVIDADE", "NUCDA": "Natividade", "codpropriedade": 33031040711, "proparrend": "Proprietário", "nomeprodutor": "PEDRO NUNES BOECHAT", "cad": "2012-06-12", "atualz": "2026-07-09", "st_atualz": "atualizado", "status_geo": "posição OK", "situacao": "atualizado/ posição OK", "prop/sit": "33031040711/ atualizado/ posição OK", "lat": -21.048611111111114, "long": -41.92222222222222}, "geometry": {"type": "Point", "coordinates": [-41.92222222222222, -21.048611111111114]}}, {"id": "117", "type": "Feature", "properties": {"codmunicipio": 3303104, "municipio": "NATIVIDADE", "NUCDA": "Natividade", "codpropriedade": 33031040525, "proparrend": "Arrendatário", "nomeprodutor": "JAQUELINE FERREIRA SILVEIRA", "cad": "2012-05-03", "atualz": "2026-07-13", "st_atualz": "atualizado", "status_geo": "posição OK", "situacao": "atualizado/ posição OK", "prop/sit": "33031040525/ atualizado/ posição OK", "lat": -20.969166666666666, "long": -41.84280555555556}, "geometry": {"type": "Point", "coordinates": [-41.84280555555556, -20.969166666666666]}}, {"id": "118", "type": "Feature", "properties": {"codmunicipio": 3303104, "municipio": "NATIVIDADE", "NUCDA": "Natividade", "codpropriedade": 33031040525, "proparrend": "Arrendatário", "nomeprodutor": "JOAQUIM LUIZ DA SILVEIRA FILHO", "cad": "2012-05-03", "atualz": "2026-07-13", "st_atualz": "atualizado", "status_geo": "posição OK", "situacao": "atualizado/ posição OK", "prop/sit": "33031040525/ atualizado/ posição OK", "lat": -20.969166666666666, "long": -41.84280555555556}, "geometry": {"type": "Point", "coordinates": [-41.84280555555556, -20.969166666666666]}}, {"id": "119", "type": "Feature", "properties": {"codmunicipio": 3306156, "municipio": "VARRE-SAI", "NUCDA": "Natividade", "codpropriedade": 33061560268, "proparrend": "Arrendatário", "nomeprodutor": "FABIO VIANNA VARGAS", "cad": "2012-05-03", "atualz": "2026-07-13", "st_atualz": "atualizado", "status_geo": "posição OK", "situacao": "atualizado/ posição OK", "prop/sit": "33061560268/ atualizado/ posição OK", "lat": -20.88138888888889, "long": -41.844166666666666}, "geometry": {"type": "Point", "coordinates": [-41.844166666666666, -20.88138888888889]}}, {"id": "120", "type": "Feature", "properties": {"codmunicipio": 3303005, "municipio": "MIRACEMA", "NUCDA": "Sto Antonio de Padua", "codpropriedade": 33030050014, "proparrend": "Proprietário", "nomeprodutor": "BRUNA LEITE MARQUES", "cad": "2012-05-03", "atualz": "2026-07-09", "st_atualz": "atualizado", "status_geo": "posição OK", "situacao": "atualizado/ posição OK", "prop/sit": "33030050014/ atualizado/ posição OK", "lat": -21.355833333333333, "long": -42.193888888888885}, "geometry": {"type": "Point", "coordinates": [-42.193888888888885, -21.355833333333333]}}, {"id": "121", "type": "Feature", "properties": {"codmunicipio": 3303005, "municipio": "MIRACEMA", "NUCDA": "Sto Antonio de Padua", "codpropriedade": 33030050803, "proparrend": "Proprietário", "nomeprodutor": "LEANDRO DIAS DE REZENDE", "cad": "2026-07-13", "atualz": "2026-07-13", "st_atualz": "novo", "status_geo": "posição OK", "situacao": "novo/ posição OK", "prop/sit": "33030050803/ novo/ posição OK", "lat": -21.380833333333335, "long": -42.10916666666667}, "geometry": {"type": "Point", "coordinates": [-42.10916666666667, -21.380833333333335]}}, {"id": "122", "type": "Feature", "properties": {"codmunicipio": 3304706, "municipio": "SANTO ANTONIO DE PADUA", "NUCDA": "Sto Antonio de Padua", "codpropriedade": 33047061911, "proparrend": "Proprietário", "nomeprodutor": "WALDEMIRO ECCARD DE OLIVEIRA", "cad": "2012-06-19", "atualz": "2026-07-01", "st_atualz": "atualizado", "status_geo": "posição OK", "situacao": "atualizado/ posição OK", "prop/sit": "33047061911/ atualizado/ posição OK", "lat": -21.583352777777776, "long": -42.146927777777776}, "geometry": {"type": "Point", "coordinates": [-42.146927777777776, -21.583352777777776]}}, {"id": "123", "type": "Feature", "properties": {"codmunicipio": 3305133, "municipio": "SAO JOSE DE UBA", "NUCDA": "Sto Antonio de Padua", "codpropriedade": 33051330244, "proparrend": "Proprietário", "nomeprodutor": "MARIA HELENA DE SOUZA CURTI OLIVEIRA", "cad": "2012-05-03", "atualz": "2026-07-13", "st_atualz": "atualizado", "status_geo": "posição OK", "situacao": "atualizado/ posição OK", "prop/sit": "33051330244/ atualizado/ posição OK", "lat": -21.325833333333332, "long": -41.99277777777778}, "geometry": {"type": "Point", "coordinates": [-41.99277777777778, -21.325833333333332]}}, {"id": "124", "type": "Feature", "properties": {"codmunicipio": 3300209, "municipio": "ARARUAMA", "NUCDA": "Araruama", "codpropriedade": 33002090115, "proparrend": "Proprietário", "nomeprodutor": "JOÃO MAURO", "cad": "2012-05-03", "atualz": "2026-07-08", "st_atualz": "atualizado", "status_geo": "posição OK", "situacao": "atualizado/ posição OK", "prop/sit": "33002090115/ atualizado/ posição OK", "lat": -22.755, "long": -42.30555555555556}, "geometry": {"type": "Point", "coordinates": [-42.30555555555556, -22.755]}}, {"id": "125", "type": "Feature", "properties": {"codmunicipio": 3300209, "municipio": "ARARUAMA", "NUCDA": "Araruama", "codpropriedade": 33002090516, "proparrend": "Proprietário", "nomeprodutor": "SOLANGE DE OLIVEIRA LAMIZ", "cad": "2013-06-11", "atualz": "2026-07-15", "st_atualz": "atualizado", "status_geo": "posição OK", "situacao": "atualizado/ posição OK", "prop/sit": "33002090516/ atualizado/ posição OK", "lat": -22.825027777777777, "long": -42.35001388888889}, "geometry": {"type": "Point", "coordinates": [-42.35001388888889, -22.825027777777777]}}, {"id": "126", "type": "Feature", "properties": {"codmunicipio": 3300704, "municipio": "CABO FRIO", "NUCDA": "Araruama", "codpropriedade": 33007040382, "proparrend": "Proprietário", "nomeprodutor": "OZI SILVA DE CARVALHO", "cad": "2026-07-14", "atualz": "2026-07-14", "st_atualz": "novo", "status_geo": "posição OK", "situacao": "novo/ posição OK", "prop/sit": "33007040382/ novo/ posição OK", "lat": -22.681305555555557, "long": -42.014361111111114}, "geometry": {"type": "Point", "coordinates": [-42.014361111111114, -22.681305555555557]}}, {"id": "127", "type": "Feature", "properties": {"codmunicipio": 3305505, "municipio": "SAQUAREMA", "NUCDA": "Araruama", "codpropriedade": 33055050168, "proparrend": "Proprietário", "nomeprodutor": "EDENILTON DOS SANTOS PEDRA", "cad": "2026-07-14", "atualz": "2026-07-14", "st_atualz": "novo", "status_geo": "posição OK", "situacao": "novo/ posição OK", "prop/sit": "33055050168/ novo/ posição OK", "lat": -22.859444444444446, "long": -42.425555555555555}, "geometry": {"type": "Point", "coordinates": [-42.425555555555555, -22.859444444444446]}}, {"id": "128", "type": "Feature", "properties": {"codmunicipio": 3301306, "municipio": "CASIMIRO DE ABREU", "NUCDA": "Casimiro de Abreu", "codpropriedade": 33013060714, "proparrend": "Proprietário", "nomeprodutor": "DANIEL GIVIGIER MARINHO DOS SANTOS", "cad": "2026-07-06", "atualz": "2026-07-06", "st_atualz": "novo", "status_geo": "posição OK", "situacao": "novo/ posição OK", "prop/sit": "33013060714/ novo/ posição OK", "lat": -22.466808333333333, "long": -42.20003888888889}, "geometry": {"type": "Point", "coordinates": [-42.20003888888889, -22.466808333333333]}}, {"id": "129", "type": "Feature", "properties": {"codmunicipio": 3301306, "municipio": "CASIMIRO DE ABREU", "NUCDA": "Casimiro de Abreu", "codpropriedade": 33013060411, "proparrend": "Proprietário", "nomeprodutor": "HELBER MACEDO DA COSTA", "cad": "2012-05-03", "atualz": "2026-07-13", "st_atualz": "atualizado", "status_geo": "posição OK", "situacao": "atualizado/ posição OK", "prop/sit": "33013060411/ atualizado/ posição OK", "lat": -22.466808333333333, "long": -42.20003888888889}, "geometry": {"type": "Point", "coordinates": [-42.20003888888889, -22.466808333333333]}}, {"id": "130", "type": "Feature", "properties": {"codmunicipio": 3301306, "municipio": "CASIMIRO DE ABREU", "NUCDA": "Casimiro de Abreu", "codpropriedade": 33013060484, "proparrend": "Proprietário", "nomeprodutor": "JOSÉ HENRIQUE BOM JÚNIOR", "cad": "2013-03-20", "atualz": "2026-07-09", "st_atualz": "atualizado", "status_geo": "posição OK", "situacao": "atualizado/ posição OK", "prop/sit": "33013060484/ atualizado/ posição OK", "lat": -22.4625, "long": -42.1825}, "geometry": {"type": "Point", "coordinates": [-42.1825, -22.4625]}}, {"id": "131", "type": "Feature", "properties": {"codmunicipio": 3301306, "municipio": "CASIMIRO DE ABREU", "NUCDA": "Casimiro de Abreu", "codpropriedade": 33013060684, "proparrend": "Proprietário", "nomeprodutor": "MARINEA GOMES DE SOUZA", "cad": "2025-04-11", "atualz": "2026-07-03", "st_atualz": "atualizado", "status_geo": "posição OK", "situacao": "atualizado/ posição OK", "prop/sit": "33013060684/ atualizado/ posição OK", "lat": -22.484444444444446, "long": -42.237500000000004}, "geometry": {"type": "Point", "coordinates": [-42.237500000000004, -22.484444444444446]}}, {"id": "132", "type": "Feature", "properties": {"codmunicipio": 3301306, "municipio": "CASIMIRO DE ABREU", "NUCDA": "Casimiro de Abreu", "codpropriedade": 33013060484, "proparrend": "Arrendatário", "nomeprodutor": "ALEXANDRA BANDEIRA DA SILVA GOMES", "cad": "2013-03-20", "atualz": "2026-07-09", "st_atualz": "atualizado", "status_geo": "posição OK", "situacao": "atualizado/ posição OK", "prop/sit": "33013060484/ atualizado/ posição OK", "lat": -22.4625, "long": -42.1825}, "geometry": {"type": "Point", "coordinates": [-42.1825, -22.4625]}}, {"id": "133", "type": "Feature", "properties": {"codmunicipio": 3304524, "municipio": "RIO DAS OSTRAS", "NUCDA": "Casimiro de Abreu", "codpropriedade": 33045240437, "proparrend": "Proprietário", "nomeprodutor": "MARCOS VIDIGAL DO AMARAL", "cad": "2026-07-08", "atualz": "2026-07-08", "st_atualz": "novo", "status_geo": "posição OK", "situacao": "novo/ posição OK", "prop/sit": "33045240437/ novo/ posição OK", "lat": -22.400027777777776, "long": -41.99613888888889}, "geometry": {"type": "Point", "coordinates": [-41.99613888888889, -22.400027777777776]}}, {"id": "134", "type": "Feature", "properties": {"codmunicipio": 3302502, "municipio": "MAGE", "NUCDA": "Niteroi", "codpropriedade": 33025020049, "proparrend": "Proprietário", "nomeprodutor": "ELIZEU LOPES", "cad": "2019-12-10", "atualz": "2026-07-27", "st_atualz": "atualizado", "status_geo": "posição OK", "situacao": "atualizado/ posição OK", "prop/sit": "33025020049/ atualizado/ posição OK", "lat": -22.613611111111112, "long": -43.12833333333333}, "geometry": {"type": "Point", "coordinates": [-43.12833333333333, -22.613611111111112]}}, {"id": "135", "type": "Feature", "properties": {"codmunicipio": 3302502, "municipio": "MAGE", "NUCDA": "Niteroi", "codpropriedade": 33025021219, "proparrend": "Proprietário", "nomeprodutor": "LEANDRO SOARES FELIX", "cad": "2018-08-23", "atualz": "2026-07-27", "st_atualz": "atualizado", "status_geo": "posição OK", "situacao": "atualizado/ posição OK", "prop/sit": "33025021219/ atualizado/ posição OK", "lat": -22.592777777777776, "long": -43.138333333333335}, "geometry": {"type": "Point", "coordinates": [-43.138333333333335, -22.592777777777776]}}, {"id": "136", "type": "Feature", "properties": {"codmunicipio": 3302700, "municipio": "MARICA", "NUCDA": "Niteroi", "codpropriedade": 33027000361, "proparrend": "Proprietário", "nomeprodutor": "ANDRÉ DE OLIVEIRA FRANCISCO ", "cad": "2026-07-17", "atualz": "2026-07-21", "st_atualz": "atualizado", "status_geo": "posição OK", "situacao": "atualizado/ posição OK", "prop/sit": "33027000361/ atualizado/ posição OK", "lat": -22.93343888888889, "long": -42.90277777777778}, "geometry": {"type": "Point", "coordinates": [-42.90277777777778, -22.93343888888889]}}, {"id": "137", "type": "Feature", "properties": {"codmunicipio": 3302700, "municipio": "MARICA", "NUCDA": "Niteroi", "codpropriedade": 33027000365, "proparrend": "Proprietário", "nomeprodutor": "M7 EXOTICOS LTDA", "cad": "2026-07-21", "atualz": "2026-07-21", "st_atualz": "novo", "status_geo": "posição OK", "situacao": "novo/ posição OK", "prop/sit": "33027000365/ novo/ posição OK", "lat": -22.92061388888889, "long": -42.95023333333334}, "geometry": {"type": "Point", "coordinates": [-42.95023333333334, -22.92061388888889]}}, {"id": "138", "type": "Feature", "properties": {"codmunicipio": 3300803, "municipio": "CACHOEIRAS DE MACACU", "NUCDA": "Tangua", "codpropriedade": 33008033146, "proparrend": "Proprietário", "nomeprodutor": "EDSON TAMINATO GOMES", "cad": "2026-07-27", "atualz": "2026-07-27", "st_atualz": "novo", "status_geo": "posição OK", "situacao": "novo/ posição OK", "prop/sit": "33008033146/ novo/ posição OK", "lat": -22.616694444444445, "long": -42.835972222222225}, "geometry": {"type": "Point", "coordinates": [-42.835972222222225, -22.616694444444445]}}, {"id": "139", "type": "Feature", "properties": {"codmunicipio": 3300803, "municipio": "CACHOEIRAS DE MACACU", "NUCDA": "Tangua", "codpropriedade": 33008033099, "proparrend": "Proprietário", "nomeprodutor": "MARCIO ANTUNES DE CARVALHO", "cad": "2025-07-23", "atualz": "2026-07-23", "st_atualz": "atualizado", "status_geo": "posição OK", "situacao": "atualizado/ posição OK", "prop/sit": "33008033099/ atualizado/ posição OK", "lat": -22.52777777777778, "long": -42.86944444444445}, "geometry": {"type": "Point", "coordinates": [-42.86944444444445, -22.52777777777778]}}, {"id": "140", "type": "Feature", "properties": {"codmunicipio": 3300803, "municipio": "CACHOEIRAS DE MACACU", "NUCDA": "Tangua", "codpropriedade": 33008033145, "proparrend": "Arrendatário", "nomeprodutor": "NELSON VICTOR OLIVEIRA FILHO", "cad": "2026-07-23", "atualz": "2026-07-23", "st_atualz": "novo", "status_geo": "posição OK", "situacao": "novo/ posição OK", "prop/sit": "33008033145/ novo/ posição OK", "lat": -22.566613888888888, "long": -42.82456666666667}, "geometry": {"type": "Point", "coordinates": [-42.82456666666667, -22.566613888888888]}}, {"id": "141", "type": "Feature", "properties": {"codmunicipio": 3301850, "municipio": "GUAPIMIRIM", "NUCDA": "Tangua", "codpropriedade": 33018500021, "proparrend": "Proprietário", "nomeprodutor": "CAIOABA CIA AGROPASTORIL LTDA", "cad": "2012-05-03", "atualz": "2026-07-20", "st_atualz": "atualizado", "status_geo": "posição OK", "situacao": "atualizado/ posição OK", "prop/sit": "33018500021/ atualizado/ posição OK", "lat": -22.6475, "long": -42.97805555555556}, "geometry": {"type": "Point", "coordinates": [-42.97805555555556, -22.6475]}}, {"id": "142", "type": "Feature", "properties": {"codmunicipio": 3304300, "municipio": "RIO BONITO", "NUCDA": "Tangua", "codpropriedade": 33043000938, "proparrend": "Proprietário", "nomeprodutor": "IGOR DE SOUZA GUIMARÃES", "cad": "2026-07-22", "atualz": "2026-07-22", "st_atualz": "novo", "status_geo": "erro posição", "situacao": "novo/ erro posição", "prop/sit": "33043000938/ novo/ erro posição", "lat": -22.61520555555556, "long": -42.56898888888889}, "geometry": {"type": "Point", "coordinates": [-42.56898888888889, -22.61520555555556]}}, {"id": "143", "type": "Feature", "properties": {"codmunicipio": 3304300, "municipio": "RIO BONITO", "NUCDA": "Tangua", "codpropriedade": 33043000893, "proparrend": "Proprietário", "nomeprodutor": "PAULO CARDOSO MARMO", "cad": "2012-06-20", "atualz": "2026-07-10", "st_atualz": "atualizado", "status_geo": "posição OK", "situacao": "atualizado/ posição OK", "prop/sit": "33043000893/ atualizado/ posição OK", "lat": -22.698233333333334, "long": -42.70410833333334}, "geometry": {"type": "Point", "coordinates": [-42.70410833333334, -22.698233333333334]}}, {"id": "144", "type": "Feature", "properties": {"codmunicipio": 3301702, "municipio": "DUQUE DE CAXIAS", "NUCDA": "Rio de Janeiro", "codpropriedade": 33017020982, "proparrend": "Proprietário", "nomeprodutor": "DANIEL FONTANHIA CORREA DA SILVA", "cad": "2026-07-01", "atualz": "2026-07-01", "st_atualz": "novo", "status_geo": "posição OK", "situacao": "novo/ posição OK", "prop/sit": "33017020982/ novo/ posição OK", "lat": -22.571436, "long": -43.270066}, "geometry": {"type": "Point", "coordinates": [-43.270066, -22.571436]}}, {"id": "145", "type": "Feature", "properties": {"codmunicipio": 3301702, "municipio": "DUQUE DE CAXIAS", "NUCDA": "Rio de Janeiro", "codpropriedade": 33017020983, "proparrend": "Proprietário", "nomeprodutor": "LILIANNE VIRGENS ARSENIO DOS SANTOS", "cad": "2026-07-07", "atualz": "2026-07-07", "st_atualz": "novo", "status_geo": "posição OK", "situacao": "novo/ posição OK", "prop/sit": "33017020983/ novo/ posição OK", "lat": -22.595221, "long": -43.386326}, "geometry": {"type": "Point", "coordinates": [-43.386326, -22.595221]}}, {"id": "146", "type": "Feature", "properties": {"codmunicipio": 3301702, "municipio": "DUQUE DE CAXIAS", "NUCDA": "Rio de Janeiro", "codpropriedade": 33017020987, "proparrend": "Proprietário", "nomeprodutor": "ZULEIKA DA CONCEIÇÃO EUZEBIO", "cad": "2026-07-27", "atualz": "2026-07-27", "st_atualz": "novo", "status_geo": "posição OK", "situacao": "novo/ posição OK", "prop/sit": "33017020987/ novo/ posição OK", "lat": -22.67741666666667, "long": -43.356611111111114}, "geometry": {"type": "Point", "coordinates": [-43.356611111111114, -22.67741666666667]}}, {"id": "147", "type": "Feature", "properties": {"codmunicipio": 3302270, "municipio": "JAPERI", "NUCDA": "Rio de Janeiro", "codpropriedade": 33022700524, "proparrend": "Proprietário", "nomeprodutor": "JOSE CARLOS CURITIBA", "cad": "2015-06-17", "atualz": "2026-07-01", "st_atualz": "atualizado", "status_geo": "posição OK", "situacao": "atualizado/ posição OK", "prop/sit": "33022700524/ atualizado/ posição OK", "lat": -22.63888888888889, "long": -43.66555555555556}, "geometry": {"type": "Point", "coordinates": [-43.66555555555556, -22.63888888888889]}}, {"id": "148", "type": "Feature", "properties": {"codmunicipio": 3302270, "municipio": "JAPERI", "NUCDA": "Rio de Janeiro", "codpropriedade": 33022700464, "proparrend": "Proprietário", "nomeprodutor": "VIVIANE PEREIRA DE OLIVEIRA BIANCO", "cad": "2014-06-16", "atualz": "2026-07-27", "st_atualz": "atualizado", "status_geo": "erro posição", "situacao": "atualizado/ erro posição", "prop/sit": "33022700464/ atualizado/ erro posição", "lat": -22.618019444444446, "long": -43.65663055555555}, "geometry": {"type": "Point", "coordinates": [-43.65663055555555, -22.618019444444446]}}, {"id": "149", "type": "Feature", "properties": {"codmunicipio": 3304557, "municipio": "RIO DE JANEIRO", "NUCDA": "Rio de Janeiro", "codpropriedade": 33045570318, "proparrend": "Proprietário", "nomeprodutor": "ANTONIO DE CARVALHO FARIA", "cad": "2012-05-03", "atualz": "2026-07-02", "st_atualz": "atualizado", "status_geo": "posição OK", "situacao": "atualizado/ posição OK", "prop/sit": "33045570318/ atualizado/ posição OK", "lat": -22.950833333333332, "long": -43.605555555555554}, "geometry": {"type": "Point", "coordinates": [-43.605555555555554, -22.950833333333332]}}, {"id": "150", "type": "Feature", "properties": {"codmunicipio": 3304557, "municipio": "RIO DE JANEIRO", "NUCDA": "Rio de Janeiro", "codpropriedade": 33045572058, "proparrend": "Proprietário", "nomeprodutor": "FUNDAÇÃO OSWALDO CRUZ", "cad": "2022-06-20", "atualz": "2026-07-02", "st_atualz": "atualizado", "status_geo": "posição OK", "situacao": "atualizado/ posição OK", "prop/sit": "33045572058/ atualizado/ posição OK", "lat": -22.950555555555553, "long": -43.18055555555555}, "geometry": {"type": "Point", "coordinates": [-43.18055555555555, -22.950555555555553]}}, {"id": "151", "type": "Feature", "properties": {"codmunicipio": 3304557, "municipio": "RIO DE JANEIRO", "NUCDA": "Rio de Janeiro", "codpropriedade": 33045571748, "proparrend": "Proprietário", "nomeprodutor": "GREICY TARANTO NASCIMENTO FERNANDES", "cad": "2021-08-20", "atualz": "2026-07-02", "st_atualz": "atualizado", "status_geo": "posição OK", "situacao": "atualizado/ posição OK", "prop/sit": "33045571748/ atualizado/ posição OK", "lat": -22.982777777777777, "long": -43.654444444444444}, "geometry": {"type": "Point", "coordinates": [-43.654444444444444, -22.982777777777777]}}, {"id": "152", "type": "Feature", "properties": {"codmunicipio": 3304557, "municipio": "RIO DE JANEIRO", "NUCDA": "Rio de Janeiro", "codpropriedade": 33045570343, "proparrend": "Proprietário", "nomeprodutor": "PMERJ", "cad": "2012-08-01", "atualz": "2026-07-02", "st_atualz": "atualizado", "status_geo": "posição OK", "situacao": "atualizado/ posição OK", "prop/sit": "33045570343/ atualizado/ posição OK", "lat": -22.8852, "long": -43.399225}, "geometry": {"type": "Point", "coordinates": [-43.399225, -22.8852]}}, {"id": "153", "type": "Feature", "properties": {"codmunicipio": 3304557, "municipio": "RIO DE JANEIRO", "NUCDA": "Rio de Janeiro", "codpropriedade": 33045572382, "proparrend": "Proprietário", "nomeprodutor": "RAIMUNDO NONATO ALVES DE OLIVEIRA", "cad": "2023-09-05", "atualz": "2026-07-09", "st_atualz": "atualizado", "status_geo": "posição OK", "situacao": "atualizado/ posição OK", "prop/sit": "33045572382/ atualizado/ posição OK", "lat": -22.903888888888886, "long": -43.597500000000004}, "geometry": {"type": "Point", "coordinates": [-43.597500000000004, -22.903888888888886]}}, {"id": "154", "type": "Feature", "properties": {"codmunicipio": 3304557, "municipio": "RIO DE JANEIRO", "NUCDA": "Rio de Janeiro", "codpropriedade": 33045573343, "proparrend": "Proprietário", "nomeprodutor": "SESC FAZENDINHA", "cad": "2026-07-28", "atualz": "2026-07-28", "st_atualz": "novo", "status_geo": "posição OK", "situacao": "novo/ posição OK", "prop/sit": "33045573343/ novo/ posição OK", "lat": -22.836883333333333, "long": -43.266080555555554}, "geometry": {"type": "Point", "coordinates": [-43.266080555555554, -22.836883333333333]}}, {"id": "155", "type": "Feature", "properties": {"codmunicipio": 3304557, "municipio": "RIO DE JANEIRO", "NUCDA": "Rio de Janeiro", "codpropriedade": 33045572762, "proparrend": "Arrendatário", "nomeprodutor": "ANTÔNIO RIBEIRO FIGUEIRA", "cad": "2024-10-31", "atualz": "2026-07-22", "st_atualz": "atualizado", "status_geo": "posição OK", "situacao": "atualizado/ posição OK", "prop/sit": "33045572762/ atualizado/ posição OK", "lat": -22.838705555555553, "long": -43.52564722222222}, "geometry": {"type": "Point", "coordinates": [-43.52564722222222, -22.838705555555553]}}, {"id": "156", "type": "Feature", "properties": {"codmunicipio": 3304557, "municipio": "RIO DE JANEIRO", "NUCDA": "Rio de Janeiro", "codpropriedade": 33045572890, "proparrend": "Arrendatário", "nomeprodutor": "CAIO CESAR COSTA", "cad": "2025-03-26", "atualz": "2026-07-02", "st_atualz": "atualizado", "status_geo": "posição OK", "situacao": "atualizado/ posição OK", "prop/sit": "33045572890/ atualizado/ posição OK", "lat": -22.866388888888892, "long": -43.65833333333333}, "geometry": {"type": "Point", "coordinates": [-43.65833333333333, -22.866388888888892]}}, {"id": "157", "type": "Feature", "properties": {"codmunicipio": 3304557, "municipio": "RIO DE JANEIRO", "NUCDA": "Rio de Janeiro", "codpropriedade": 33045572890, "proparrend": "Arrendatário", "nomeprodutor": "CARLOS ALBERTO PEREIRA DOS SANTOS", "cad": "2025-03-26", "atualz": "2026-07-02", "st_atualz": "atualizado", "status_geo": "posição OK", "situacao": "atualizado/ posição OK", "prop/sit": "33045572890/ atualizado/ posição OK", "lat": -22.866388888888892, "long": -43.65833333333333}, "geometry": {"type": "Point", "coordinates": [-43.65833333333333, -22.866388888888892]}}, {"id": "158", "type": "Feature", "properties": {"codmunicipio": 3304557, "municipio": "RIO DE JANEIRO", "NUCDA": "Rio de Janeiro", "codpropriedade": 33045572762, "proparrend": "Arrendatário", "nomeprodutor": "GRANJA DO TIGRÃO LTDA", "cad": "2024-10-31", "atualz": "2026-07-22", "st_atualz": "atualizado", "status_geo": "posição OK", "situacao": "atualizado/ posição OK", "prop/sit": "33045572762/ atualizado/ posição OK", "lat": -22.838705555555553, "long": -43.52564722222222}, "geometry": {"type": "Point", "coordinates": [-43.52564722222222, -22.838705555555553]}}, {"id": "159", "type": "Feature", "properties": {"codmunicipio": 3304557, "municipio": "RIO DE JANEIRO", "NUCDA": "Rio de Janeiro", "codpropriedade": 33045572890, "proparrend": "Arrendatário", "nomeprodutor": "RAFAEL LIMA DO NASCIMENTO", "cad": "2025-03-26", "atualz": "2026-07-02", "st_atualz": "atualizado", "status_geo": "posição OK", "situacao": "atualizado/ posição OK", "prop/sit": "33045572890/ atualizado/ posição OK", "lat": -22.866388888888892, "long": -43.65833333333333}, "geometry": {"type": "Point", "coordinates": [-43.65833333333333, -22.866388888888892]}}, {"id": "160", "type": "Feature", "properties": {"codmunicipio": 3305554, "municipio": "SEROPEDICA", "NUCDA": "Rio de Janeiro", "codpropriedade": 33055540774, "proparrend": "Proprietário", "nomeprodutor": "ABEL FERREIRA DA ROCHA", "cad": "2013-04-25", "atualz": "2026-07-08", "st_atualz": "atualizado", "status_geo": "posição OK", "situacao": "atualizado/ posição OK", "prop/sit": "33055540774/ atualizado/ posição OK", "lat": -22.837563888888887, "long": -43.71375833333334}, "geometry": {"type": "Point", "coordinates": [-43.71375833333334, -22.837563888888887]}}, {"id": "161", "type": "Feature", "properties": {"codmunicipio": 3305554, "municipio": "SEROPEDICA", "NUCDA": "Rio de Janeiro", "codpropriedade": 33055540900, "proparrend": "Proprietário", "nomeprodutor": "AGOPECUARIA RANCHO MZ CAMPOS", "cad": "2025-12-09", "atualz": "2026-07-01", "st_atualz": "atualizado", "status_geo": "posição OK", "situacao": "atualizado/ posição OK", "prop/sit": "33055540900/ atualizado/ posição OK", "lat": -22.7742, "long": -43.71552777777778}, "geometry": {"type": "Point", "coordinates": [-43.71552777777778, -22.7742]}}, {"id": "162", "type": "Feature", "properties": {"codmunicipio": 3305554, "municipio": "SEROPEDICA", "NUCDA": "Rio de Janeiro", "codpropriedade": 33055540900, "proparrend": "Arrendatário", "nomeprodutor": "EIMI CEZARIO MONTEIRO CAMPOS", "cad": "2025-12-09", "atualz": "2026-07-01", "st_atualz": "atualizado", "status_geo": "posição OK", "situacao": "atualizado/ posição OK", "prop/sit": "33055540900/ atualizado/ posição OK", "lat": -22.7742, "long": -43.71552777777778}, "geometry": {"type": "Point", "coordinates": [-43.71552777777778, -22.7742]}}, {"id": "163", "type": "Feature", "properties": {"codmunicipio": 3305554, "municipio": "SEROPEDICA", "NUCDA": "Rio de Janeiro", "codpropriedade": 33055540774, "proparrend": "Arrendatário", "nomeprodutor": "JOÃO  AFONSO GORDILHO FREIRE DE CARVALHO", "cad": "2013-04-25", "atualz": "2026-07-08", "st_atualz": "atualizado", "status_geo": "posição OK", "situacao": "atualizado/ posição OK", "prop/sit": "33055540774/ atualizado/ posição OK", "lat": -22.837563888888887, "long": -43.71375833333334}, "geometry": {"type": "Point", "coordinates": [-43.71375833333334, -22.837563888888887]}}, {"id": "164", "type": "Feature", "properties": {"codmunicipio": 3305158, "municipio": "SAO JOSE DO VALE DO RIO PRETO", "NUCDA": "Petropolis", "codpropriedade": 33051580252, "proparrend": "Arrendatário", "nomeprodutor": "LEONARDO GONÇALVES DA ROSA", "cad": "2026-07-13", "atualz": "2026-07-13", "st_atualz": "novo", "status_geo": "posição OK", "situacao": "novo/ posição OK", "prop/sit": "33051580252/ novo/ posição OK", "lat": -22.148444444444443, "long": -42.9085}, "geometry": {"type": "Point", "coordinates": [-42.9085, -22.148444444444443]}}, {"id": "165", "type": "Feature", "properties": {"codmunicipio": 3305406, "municipio": "SAPUCAIA", "NUCDA": "Tres Rios", "codpropriedade": 33054060066, "proparrend": "Proprietário", "nomeprodutor": "JOSE FABIO LOPES RAMOS", "cad": "2012-05-03", "atualz": "2026-07-31", "st_atualz": "atualizado", "status_geo": "posição OK", "situacao": "atualizado/ posição OK", "prop/sit": "33054060066/ atualizado/ posição OK", "lat": -21.96222222222222, "long": -42.86027777777778}, "geometry": {"type": "Point", "coordinates": [-42.86027777777778, -21.96222222222222]}}, {"id": "166", "type": "Feature", "properties": {"codmunicipio": 3306008, "municipio": "TRES RIOS", "NUCDA": "Tres Rios", "codpropriedade": 33060080028, "proparrend": "Proprietário", "nomeprodutor": "ANTONIO PAULO BATISTA REIS", "cad": "2012-05-03", "atualz": "2026-07-27", "st_atualz": "atualizado", "status_geo": "posição OK", "situacao": "atualizado/ posição OK", "prop/sit": "33060080028/ atualizado/ posição OK", "lat": -22.08929722222222, "long": -43.19662777777778}, "geometry": {"type": "Point", "coordinates": [-43.19662777777778, -22.08929722222222]}}, {"id": "167", "type": "Feature", "properties": {"codmunicipio": 3306008, "municipio": "TRES RIOS", "NUCDA": "Tres Rios", "codpropriedade": 33060080241, "proparrend": "Arrendatário", "nomeprodutor": "LUCAS CERQUEIRA LAVINAS", "cad": "2017-06-21", "atualz": "2026-07-21", "st_atualz": "atualizado", "status_geo": "posição OK", "situacao": "atualizado/ posição OK", "prop/sit": "33060080241/ atualizado/ posição OK", "lat": -22.087369444444445, "long": -43.18257777777777}, "geometry": {"type": "Point", "coordinates": [-43.18257777777777, -22.087369444444445]}}, {"id": "168", "type": "Feature", "properties": {"codmunicipio": 3301801, "municipio": "ENGENHEIRO PAULO DE FRONTIN", "NUCDA": "Vassouras", "codpropriedade": 33018010068, "proparrend": "Proprietário", "nomeprodutor": "GILBERTO  RAMALHO PORTUGAL", "cad": "2021-09-08", "atualz": "2026-07-09", "st_atualz": "atualizado", "status_geo": "posição OK", "situacao": "atualizado/ posição OK", "prop/sit": "33018010068/ atualizado/ posição OK", "lat": -22.549722222222226, "long": -43.67833333333333}, "geometry": {"type": "Point", "coordinates": [-43.67833333333333, -22.549722222222226]}}, {"id": "169", "type": "Feature", "properties": {"codmunicipio": 3302908, "municipio": "MIGUEL PEREIRA", "NUCDA": "Vassouras", "codpropriedade": 33029080029, "proparrend": "Arrendatário", "nomeprodutor": "RAFAEL ALVES DOS SANTOS", "cad": "2012-05-03", "atualz": "2026-07-22", "st_atualz": "atualizado", "status_geo": "posição OK", "situacao": "atualizado/ posição OK", "prop/sit": "33029080029/ atualizado/ posição OK", "lat": -22.467444444444443, "long": -43.5075}, "geometry": {"type": "Point", "coordinates": [-43.5075, -22.467444444444443]}}, {"id": "170", "type": "Feature", "properties": {"codmunicipio": 3303856, "municipio": "PATY DO ALFERES", "NUCDA": "Vassouras", "codpropriedade": 33038560558, "proparrend": "Proprietário", "nomeprodutor": "ANTONIO ROSA", "cad": "2012-05-03", "atualz": "2026-07-17", "st_atualz": "atualizado", "status_geo": "posição OK", "situacao": "atualizado/ posição OK", "prop/sit": "33038560558/ atualizado/ posição OK", "lat": -22.35808888888889, "long": -43.3356725}, "geometry": {"type": "Point", "coordinates": [-43.3356725, -22.35808888888889]}}, {"id": "171", "type": "Feature", "properties": {"codmunicipio": 3303856, "municipio": "PATY DO ALFERES", "NUCDA": "Vassouras", "codpropriedade": 33038560704, "proparrend": "Proprietário", "nomeprodutor": "ELIESE LEAL DA ROSA", "cad": "2021-01-20", "atualz": "2026-07-17", "st_atualz": "atualizado", "status_geo": "posição OK", "situacao": "atualizado/ posição OK", "prop/sit": "33038560704/ atualizado/ posição OK", "lat": -22.351582500000003, "long": -43.343765833333336}, "geometry": {"type": "Point", "coordinates": [-43.343765833333336, -22.351582500000003]}}, {"id": "172", "type": "Feature", "properties": {"codmunicipio": 3303856, "municipio": "PATY DO ALFERES", "NUCDA": "Vassouras", "codpropriedade": 33038560486, "proparrend": "Proprietário", "nomeprodutor": "JORGE SPINELI DOS REIS", "cad": "2012-05-03", "atualz": "2026-07-09", "st_atualz": "atualizado", "status_geo": "posição OK", "situacao": "atualizado/ posição OK", "prop/sit": "33038560486/ atualizado/ posição OK", "lat": -22.31800972222222, "long": -43.42218722222222}, "geometry": {"type": "Point", "coordinates": [-43.42218722222222, -22.31800972222222]}}, {"id": "173", "type": "Feature", "properties": {"codmunicipio": 3303856, "municipio": "PATY DO ALFERES", "NUCDA": "Vassouras", "codpropriedade": 33038560236, "proparrend": "Proprietário", "nomeprodutor": "JULIO AVELINO OLIVEIRA DE MOURA", "cad": "2012-05-03", "atualz": "2026-07-01", "st_atualz": "atualizado", "status_geo": "posição OK", "situacao": "atualizado/ posição OK", "prop/sit": "33038560236/ atualizado/ posição OK", "lat": -22.350473611111113, "long": -43.48643833333333}, "geometry": {"type": "Point", "coordinates": [-43.48643833333333, -22.350473611111113]}}, {"id": "174", "type": "Feature", "properties": {"codmunicipio": 3303856, "municipio": "PATY DO ALFERES", "NUCDA": "Vassouras", "codpropriedade": 33038560096, "proparrend": "Proprietário", "nomeprodutor": "MANOEL BORGES DA COSTA", "cad": "2012-05-03", "atualz": "2026-07-17", "st_atualz": "atualizado", "status_geo": "posição OK", "situacao": "atualizado/ posição OK", "prop/sit": "33038560096/ atualizado/ posição OK", "lat": -22.368375833333335, "long": -43.326705833333335}, "geometry": {"type": "Point", "coordinates": [-43.326705833333335, -22.368375833333335]}}, {"id": "175", "type": "Feature", "properties": {"codmunicipio": 3303856, "municipio": "PATY DO ALFERES", "NUCDA": "Vassouras", "codpropriedade": 33038560449, "proparrend": "Arrendatário", "nomeprodutor": "ALTINO MELO DOS SANTOS", "cad": "2012-05-03", "atualz": "2026-07-17", "st_atualz": "atualizado", "status_geo": "posição OK", "situacao": "atualizado/ posição OK", "prop/sit": "33038560449/ atualizado/ posição OK", "lat": -22.346852499999997, "long": -43.34471416666667}, "geometry": {"type": "Point", "coordinates": [-43.34471416666667, -22.346852499999997]}}, {"id": "176", "type": "Feature", "properties": {"codmunicipio": 3303856, "municipio": "PATY DO ALFERES", "NUCDA": "Vassouras", "codpropriedade": 33038560449, "proparrend": "Arrendatário", "nomeprodutor": "ALTINO ROSA DE MELO FILHO", "cad": "2012-05-03", "atualz": "2026-07-17", "st_atualz": "atualizado", "status_geo": "posição OK", "situacao": "atualizado/ posição OK", "prop/sit": "33038560449/ atualizado/ posição OK", "lat": -22.346852499999997, "long": -43.34471416666667}, "geometry": {"type": "Point", "coordinates": [-43.34471416666667, -22.346852499999997]}}, {"id": "177", "type": "Feature", "properties": {"codmunicipio": 3303856, "municipio": "PATY DO ALFERES", "NUCDA": "Vassouras", "codpropriedade": 33038560449, "proparrend": "Arrendatário", "nomeprodutor": "ANTONIO ROSA", "cad": "2012-05-03", "atualz": "2026-07-17", "st_atualz": "atualizado", "status_geo": "posição OK", "situacao": "atualizado/ posição OK", "prop/sit": "33038560449/ atualizado/ posição OK", "lat": -22.346852499999997, "long": -43.34471416666667}, "geometry": {"type": "Point", "coordinates": [-43.34471416666667, -22.346852499999997]}}, {"id": "178", "type": "Feature", "properties": {"codmunicipio": 3303856, "municipio": "PATY DO ALFERES", "NUCDA": "Vassouras", "codpropriedade": 33038560449, "proparrend": "Arrendatário", "nomeprodutor": "ANTÔNIO ROSA DE MELO", "cad": "2012-05-03", "atualz": "2026-07-17", "st_atualz": "atualizado", "status_geo": "posição OK", "situacao": "atualizado/ posição OK", "prop/sit": "33038560449/ atualizado/ posição OK", "lat": -22.346852499999997, "long": -43.34471416666667}, "geometry": {"type": "Point", "coordinates": [-43.34471416666667, -22.346852499999997]}}, {"id": "179", "type": "Feature", "properties": {"codmunicipio": 3303856, "municipio": "PATY DO ALFERES", "NUCDA": "Vassouras", "codpropriedade": 33038560096, "proparrend": "Arrendatário", "nomeprodutor": "JOÃO PEDRO DA COSTA BORGES", "cad": "2012-05-03", "atualz": "2026-07-17", "st_atualz": "atualizado", "status_geo": "posição OK", "situacao": "atualizado/ posição OK", "prop/sit": "33038560096/ atualizado/ posição OK", "lat": -22.368375833333335, "long": -43.326705833333335}, "geometry": {"type": "Point", "coordinates": [-43.326705833333335, -22.368375833333335]}}, {"id": "180", "type": "Feature", "properties": {"codmunicipio": 3303856, "municipio": "PATY DO ALFERES", "NUCDA": "Vassouras", "codpropriedade": 33038560449, "proparrend": "Arrendatário", "nomeprodutor": "JOSÉ DA CUNHA MELLO", "cad": "2012-05-03", "atualz": "2026-07-17", "st_atualz": "atualizado", "status_geo": "posição OK", "situacao": "atualizado/ posição OK", "prop/sit": "33038560449/ atualizado/ posição OK", "lat": -22.346852499999997, "long": -43.34471416666667}, "geometry": {"type": "Point", "coordinates": [-43.34471416666667, -22.346852499999997]}}, {"id": "181", "type": "Feature", "properties": {"codmunicipio": 3303856, "municipio": "PATY DO ALFERES", "NUCDA": "Vassouras", "codpropriedade": 33038560339, "proparrend": "Arrendatário", "nomeprodutor": "JOSE MAURICIO CARIUS ROSA", "cad": "2012-05-03", "atualz": "2026-07-17", "st_atualz": "atualizado", "status_geo": "posição OK", "situacao": "atualizado/ posição OK", "prop/sit": "33038560339/ atualizado/ posição OK", "lat": -22.34988583333333, "long": -43.34670083333334}, "geometry": {"type": "Point", "coordinates": [-43.34670083333334, -22.34988583333333]}}, {"id": "182", "type": "Feature", "properties": {"codmunicipio": 3303856, "municipio": "PATY DO ALFERES", "NUCDA": "Vassouras", "codpropriedade": 33038560449, "proparrend": "Arrendatário", "nomeprodutor": "JOSÉ ROSA DE MELO", "cad": "2012-05-03", "atualz": "2026-07-17", "st_atualz": "atualizado", "status_geo": "posição OK", "situacao": "atualizado/ posição OK", "prop/sit": "33038560449/ atualizado/ posição OK", "lat": -22.346852499999997, "long": -43.34471416666667}, "geometry": {"type": "Point", "coordinates": [-43.34471416666667, -22.346852499999997]}}, {"id": "183", "type": "Feature", "properties": {"codmunicipio": 3303856, "municipio": "PATY DO ALFERES", "NUCDA": "Vassouras", "codpropriedade": 33038560339, "proparrend": "Arrendatário", "nomeprodutor": "LOURIVAL CARIUS DA ROSA", "cad": "2012-05-03", "atualz": "2026-07-17", "st_atualz": "atualizado", "status_geo": "posição OK", "situacao": "atualizado/ posição OK", "prop/sit": "33038560339/ atualizado/ posição OK", "lat": -22.34988583333333, "long": -43.34670083333334}, "geometry": {"type": "Point", "coordinates": [-43.34670083333334, -22.34988583333333]}}, {"id": "184", "type": "Feature", "properties": {"codmunicipio": 3303856, "municipio": "PATY DO ALFERES", "NUCDA": "Vassouras", "codpropriedade": 33038560449, "proparrend": "Arrendatário", "nomeprodutor": "LOURIVAL ROSA DE MELLO", "cad": "2012-05-03", "atualz": "2026-07-17", "st_atualz": "atualizado", "status_geo": "posição OK", "situacao": "atualizado/ posição OK", "prop/sit": "33038560449/ atualizado/ posição OK", "lat": -22.346852499999997, "long": -43.34471416666667}, "geometry": {"type": "Point", "coordinates": [-43.34471416666667, -22.346852499999997]}}, {"id": "185", "type": "Feature", "properties": {"codmunicipio": 3303856, "municipio": "PATY DO ALFERES", "NUCDA": "Vassouras", "codpropriedade": 33038560449, "proparrend": "Arrendatário", "nomeprodutor": "MADALENA ROSA DE MELO BASILIO", "cad": "2012-05-03", "atualz": "2026-07-17", "st_atualz": "atualizado", "status_geo": "posição OK", "situacao": "atualizado/ posição OK", "prop/sit": "33038560449/ atualizado/ posição OK", "lat": -22.346852499999997, "long": -43.34471416666667}, "geometry": {"type": "Point", "coordinates": [-43.34471416666667, -22.346852499999997]}}, {"id": "186", "type": "Feature", "properties": {"codmunicipio": 3303856, "municipio": "PATY DO ALFERES", "NUCDA": "Vassouras", "codpropriedade": 33038560535, "proparrend": "Arrendatário", "nomeprodutor": "MARCO  ANTONIO VALVANO", "cad": "2012-05-03", "atualz": "2026-07-01", "st_atualz": "atualizado", "status_geo": "posição OK", "situacao": "atualizado/ posição OK", "prop/sit": "33038560535/ atualizado/ posição OK", "lat": -22.339371944444444, "long": -43.47466583333333}, "geometry": {"type": "Point", "coordinates": [-43.47466583333333, -22.339371944444444]}}, {"id": "187", "type": "Feature", "properties": {"codmunicipio": 3303856, "municipio": "PATY DO ALFERES", "NUCDA": "Vassouras", "codpropriedade": 33038560823, "proparrend": "Arrendatário", "nomeprodutor": "MARCO AURELIO DE AZEVEDO GOULART", "cad": "2018-09-03", "atualz": "2026-07-09", "st_atualz": "atualizado", "status_geo": "posição OK", "situacao": "atualizado/ posição OK", "prop/sit": "33038560823/ atualizado/ posição OK", "lat": -22.31717611111111, "long": -43.41083638888889}, "geometry": {"type": "Point", "coordinates": [-43.41083638888889, -22.31717611111111]}}, {"id": "188", "type": "Feature", "properties": {"codmunicipio": 3303856, "municipio": "PATY DO ALFERES", "NUCDA": "Vassouras", "codpropriedade": 33038560930, "proparrend": "Arrendatário", "nomeprodutor": "MAURO CESAR DA SILVA MALTEZ", "cad": "2026-07-27", "atualz": "2026-07-27", "st_atualz": "novo", "status_geo": "posição OK", "situacao": "novo/ posição OK", "prop/sit": "33038560930/ novo/ posição OK", "lat": -22.319944444444445, "long": -43.47377777777778}, "geometry": {"type": "Point", "coordinates": [-43.47377777777778, -22.319944444444445]}}, {"id": "189", "type": "Feature", "properties": {"codmunicipio": 3303856, "municipio": "PATY DO ALFERES", "NUCDA": "Vassouras", "codpropriedade": 33038560486, "proparrend": "Arrendatário", "nomeprodutor": "RODRIGO BRUM DOS REIS", "cad": "2012-05-03", "atualz": "2026-07-09", "st_atualz": "atualizado", "status_geo": "posição OK", "situacao": "atualizado/ posição OK", "prop/sit": "33038560486/ atualizado/ posição OK", "lat": -22.31800972222222, "long": -43.42218722222222}, "geometry": {"type": "Point", "coordinates": [-43.42218722222222, -22.31800972222222]}}, {"id": "190", "type": "Feature", "properties": {"codmunicipio": 3303856, "municipio": "PATY DO ALFERES", "NUCDA": "Vassouras", "codpropriedade": 33038560096, "proparrend": "Arrendatário", "nomeprodutor": "RODRIGO CARIÚS DA COSTA", "cad": "2012-05-03", "atualz": "2026-07-17", "st_atualz": "atualizado", "status_geo": "posição OK", "situacao": "atualizado/ posição OK", "prop/sit": "33038560096/ atualizado/ posição OK", "lat": -22.368375833333335, "long": -43.326705833333335}, "geometry": {"type": "Point", "coordinates": [-43.326705833333335, -22.368375833333335]}}, {"id": "191", "type": "Feature", "properties": {"codmunicipio": 3303856, "municipio": "PATY DO ALFERES", "NUCDA": "Vassouras", "codpropriedade": 33038560449, "proparrend": "Arrendatário", "nomeprodutor": "SAMUEL BASILIO DE MELO", "cad": "2012-05-03", "atualz": "2026-07-17", "st_atualz": "atualizado", "status_geo": "posição OK", "situacao": "atualizado/ posição OK", "prop/sit": "33038560449/ atualizado/ posição OK", "lat": -22.346852499999997, "long": -43.34471416666667}, "geometry": {"type": "Point", "coordinates": [-43.34471416666667, -22.346852499999997]}}, {"id": "192", "type": "Feature", "properties": {"codmunicipio": 3303856, "municipio": "PATY DO ALFERES", "NUCDA": "Vassouras", "codpropriedade": 33038560339, "proparrend": "Arrendatário", "nomeprodutor": "SAMUEL DAMASCENO DA ROSA", "cad": "2012-05-03", "atualz": "2026-07-17", "st_atualz": "atualizado", "status_geo": "posição OK", "situacao": "atualizado/ posição OK", "prop/sit": "33038560339/ atualizado/ posição OK", "lat": -22.34988583333333, "long": -43.34670083333334}, "geometry": {"type": "Point", "coordinates": [-43.34670083333334, -22.34988583333333]}}, {"id": "193", "type": "Feature", "properties": {"codmunicipio": 3306206, "municipio": "VASSOURAS", "NUCDA": "Vassouras", "codpropriedade": 33062060035, "proparrend": "Proprietário", "nomeprodutor": "AGNELLO VITAL VIEIRA", "cad": "2012-05-03", "atualz": "2026-07-09", "st_atualz": "atualizado", "status_geo": "posição OK", "situacao": "atualizado/ posição OK", "prop/sit": "33062060035/ atualizado/ posição OK", "lat": -22.25225, "long": -43.46030555555556}, "geometry": {"type": "Point", "coordinates": [-43.46030555555556, -22.25225]}}, {"id": "194", "type": "Feature", "properties": {"codmunicipio": 3306206, "municipio": "VASSOURAS", "NUCDA": "Vassouras", "codpropriedade": 33062060053, "proparrend": "Proprietário", "nomeprodutor": "LILIANA ROSA LUCAS RODRIGUES MARTINS DA  ROCHA", "cad": "2012-05-03", "atualz": "2026-07-07", "st_atualz": "atualizado", "status_geo": "posição OK", "situacao": "atualizado/ posição OK", "prop/sit": "33062060053/ atualizado/ posição OK", "lat": -22.286905, "long": -43.47699333333333}, "geometry": {"type": "Point", "coordinates": [-43.47699333333333, -22.286905]}}, {"id": "195", "type": "Feature", "properties": {"codmunicipio": 3306206, "municipio": "VASSOURAS", "NUCDA": "Vassouras", "codpropriedade": 33062060372, "proparrend": "Proprietário", "nomeprodutor": "VILMO DE AMORIM FERREIRA FILHO", "cad": "2019-07-04", "atualz": "2026-07-07", "st_atualz": "atualizado", "status_geo": "posição OK", "situacao": "atualizado/ posição OK", "prop/sit": "33062060372/ atualizado/ posição OK", "lat": -22.277916666666666, "long": -43.45472222222222}, "geometry": {"type": "Point", "coordinates": [-43.45472222222222, -22.277916666666666]}}, {"id": "196", "type": "Feature", "properties": {"codmunicipio": 3306206, "municipio": "VASSOURAS", "NUCDA": "Vassouras", "codpropriedade": 33062060035, "proparrend": "Arrendatário", "nomeprodutor": "COSME FERNANDO VIEIRA", "cad": "2012-05-03", "atualz": "2026-07-09", "st_atualz": "atualizado", "status_geo": "posição OK", "situacao": "atualizado/ posição OK", "prop/sit": "33062060035/ atualizado/ posição OK", "lat": -22.25225, "long": -43.46030555555556}, "geometry": {"type": "Point", "coordinates": [-43.46030555555556, -22.25225]}}], "crs": {"type": "name", "properties": {"name": "urn:ogc:def:crs:EPSG::4674"}}}